INTERSECTION,FIRST APPROACH,SECOND APPROACH,THIRD APPROACH,GO LIVE DATE,LATITUDE,LONGITUDE,LOCATION,Historical Wards 2003-2015,Zip Codes,Community Areas,Census Tracts,Wards
California-Peterson,NB,EB,,2009-06-29T00:00:00.000,41.990442,-87.699401,"{'latitude': '41.990442', 'human_address': '{""address"": """", ""city"": """", ""state"": """", ""zip"": """"}', 'longitude': '-87.699401'}",46,4450,20,15,24
Central-Addison,SB,EB,,2010-11-15T00:00:00.000,41.945877,-87.766754,"{'latitude': '41.945877', 'human_address': '{""address"": """", ""city"": """", ""state"": """", ""zip"": """"}', 'longitude': '-87.766754'}",25,22254,15,361,44
Western-63rd,NB,EB,,2007-11-12T00:00:00.000,41.779214,-87.683638,"{'latitude': '41.779214', 'human_address': '{""address"": """", ""city"": """", ""state"": """", ""zip"": """"}', 'longitude': '-87.683638'}",44,22257,64,370,2
Halsted-79th,NB,EB,,2008-04-30T00:00:00.000,41.750643,-87.644043,"{'latitude': '41.750643', 'human_address': '{""address"": """", ""city"": """", ""state"": """", ""zip"": """"}', 'longitude': '-87.644043'}",17,21554,70,556,31
Wacker-Lake,NB,SB,,2018-02-19T00:00:00.000,41.8857,-87.637,"{'latitude': '41.8857', 'human_address': '{""address"": """", ""city"": """", ""state"": """", ""zip"": """"}', 'longitude': '-87.637'}",22,14914,38,92,36
Laramie-Fullerton,WB,NB,,2008-06-28T00:00:00.000,41.924106,-87.756147,"{'latitude': '41.924106', 'human_address': '{""address"": """", ""city"": """", ""state"": """", ""zip"": """"}', 'longitude': '-87.756147'}",4,22615,19,307,44
Lafayette-87th,SB,EB,,2009-08-31T00:00:00.000,41.736271,-87.625445,"{'latitude': '41.736271', 'human_address': '{""address"": """", ""city"": """", ""state"": """", ""zip"": """"}', 'longitude': '-87.625445'}",18,21554,40,1,13
Canal-Roosevelt,NB,WB,,2008-11-30T00:00:00.000,41.867252,-87.639216,"{'latitude': '41.867252', 'human_address': '{""address"": """", ""city"": """", ""state"": """", ""zip"": """"}', 'longitude': '-87.639216'}",48,14917,29,97,26
Pulaski-Fullerton,WB,NB,,2007-05-19T00:00:00.000,41.924484,-87.726769,"{'latitude': '41.924484', 'human_address': '{""address"": """", ""city"": """", ""state"": """", ""zip"": """"}', 'longitude': '-87.726769'}",7,22615,23,107,17
Stony Island-Cornell-67th,NB,NB,,2007-11-26T00:00:00.000,41.77334,-87.586295,"{'latitude': '41.77334', 'human_address': '{""address"": """", ""city"": """", ""state"": """", ""zip"": """"}', 'longitude': '-87.586295'}",32,22260,9,134,33
Western-North,NB,EB,,2007-11-26T00:00:00.000,41.91032,-87.687222,"{'latitude': '41.91032', 'human_address': '{""address"": """", ""city"": """", ""state"": """", ""zip"": """"}', 'longitude': '-87.687222'}",24,22535,25,302,41
Cottage Grove-71st-South Chicago,NB,SB,,2008-04-30T00:00:00.000,41.765868,-87.605586,"{'latitude': '41.765868', 'human_address': '{""address"": """", ""city"": """", ""state"": """", ""zip"": """"}', 'longitude': '-87.605586'}",32,22260,67,515,33
Wentworth-Garfield,NB,WB,,2008-05-08T00:00:00.000,41.794201,-87.630518,"{'latitude': '41.794201', 'human_address': '{""address"": """", ""city"": """", ""state"": """", ""zip"": """"}', 'longitude': '-87.630518'}",12,21559,66,166,9
State-63rd,SB,WB,,2006-01-18T00:00:00.000,41.780058,-87.625374,"{'latitude': '41.780058', 'human_address': '{""address"": """", ""city"": """", ""state"": """", ""zip"": """"}', 'longitude': '-87.625374'}",53,21559,67,122,4
Ashland-Division,NB,EB,,2007-10-25T00:00:00.000,41.903347,-87.667496,"{'latitude': '41.903347', 'human_address': '{""address"": """", ""city"": """", ""state"": """", ""zip"": """"}', 'longitude': '-87.667496'}",24,21560,25,481,41
Cicero-Fullerton,SB,WB,,2006-02-25T00:00:00.000,41.924237,-87.746302,"{'latitude': '41.924237', 'human_address': '{""address"": """", ""city"": """", ""state"": """", ""zip"": """"}', 'longitude': '-87.746302'}",7,22615,19,306,17
Cicero-Washington,NB,SB,,2008-06-14T00:00:00.000,41.881815,-87.745339,"{'latitude': '41.881815', 'human_address': '{""address"": """", ""city"": """", ""state"": """", ""zip"": """"}', 'longitude': '-87.745339'}",11,22216,26,696,23
Sacramento-Chicago,NB,WB,,2009-09-18T00:00:00.000,41.895591,-87.702455,"{'latitude': '41.895591', 'human_address': '{""address"": """", ""city"": """", ""state"": """", ""zip"": """"}', 'longitude': '-87.702455'}",41,21560,24,177,46
Central-Fullerton,SB,WB,,2007-10-05T00:00:00.000,41.92398,-87.765989,"{'latitude': '41.92398', 'human_address': '{""address"": """", ""city"": """", ""state"": """", ""zip"": """"}', 'longitude': '-87.765989'}",4,22615,19,307,44
Western-Lawrence,SB,EB,,2008-07-31T00:00:00.000,41.968614,-87.688906,"{'latitude': '41.968614', 'human_address': '{""address"": """", ""city"": """", ""state"": """", ""zip"": """"}', 'longitude': '-87.688906'}",13,21849,6,665,18
Pulaski-Irving Park,SB,WB,,2009-05-19T00:00:00.000,41.953646,-87.727617,"{'latitude': '41.953646', 'human_address': '{""address"": """", ""city"": """", ""state"": """", ""zip"": """"}', 'longitude': '-87.727617'}",28,22618,16,326,50
Kedzie-Armitage,SB,WB,,2009-01-23T00:00:00.000,41.917402,-87.706965,"{'latitude': '41.917402', 'human_address': '{""address"": """", ""city"": """", ""state"": """", ""zip"": """"}', 'longitude': '-87.706965'}",15,22535,23,371,40
Cicero-Diversey,NB,WB,,2010-02-11T00:00:00.000,41.931533,-87.746595,"{'latitude': '41.931533', 'human_address': '{""address"": """", ""city"": """", ""state"": """", ""zip"": """"}', 'longitude': '-87.746595'}",7,22615,19,460,17
Milwaukee-Montrose,SB,WB,,2010-03-11T00:00:00.000,41.960632,-87.754476,"{'latitude': '41.960632', 'human_address': '{""address"": """", ""city"": """", ""state"": """", ""zip"": """"}', 'longitude': '-87.754476'}",20,22618,15,259,50
Western-Diversey-Elston,NB,WB,,2008-07-18T00:00:00.000,41.932179,-87.687883,"{'latitude': '41.932179', 'human_address': '{""address"": """", ""city"": """", ""state"": """", ""zip"": """"}', 'longitude': '-87.687883'}",24,22535,23,240,40
Western-Fullerton,NB,SB,,2009-06-29T00:00:00.000,41.9249,-87.687641,"{'latitude': '41.9249', 'human_address': '{""address"": """", ""city"": """", ""state"": """", ""zip"": """"}', 'longitude': '-87.687641'}",16,22535,23,324,40
Milwaukee-Diversey,NB,EB,,2009-06-29T00:00:00.000,41.931984,-87.712251,"{'latitude': '41.931984', 'human_address': '{""address"": """", ""city"": """", ""state"": """", ""zip"": """"}', 'longitude': '-87.712251'}",15,22535,22,72,12
Kedzie-26th,NB,SB,,2010-11-02T00:00:00.000,41.844518,-87.705042,"{'latitude': '41.844518', 'human_address': '{""address"": """", ""city"": """", ""state"": """", ""zip"": """"}', 'longitude': '-87.705042'}",29,21569,32,291,1
Ashland-87th,SB,WB,,2007-03-31T00:00:00.000,41.735788,-87.663063,"{'latitude': '41.735788', 'human_address': '{""address"": """", ""city"": """", ""state"": """", ""zip"": """"}', 'longitude': '-87.663063'}",18,21554,70,533,13
Pulaski-Diversey,SB,NB,,2009-05-15T00:00:00.000,41.931791,-87.726979,"{'latitude': '41.931791', 'human_address': '{""address"": """", ""city"": """", ""state"": """", ""zip"": """"}', 'longitude': '-87.726979'}",7,22535,22,71,17
Kedzie-63rd,NB,WB,,2007-11-26T00:00:00.000,41.778972,-87.703138,"{'latitude': '41.778972', 'human_address': '{""address"": """", ""city"": """", ""state"": """", ""zip"": """"}', 'longitude': '-87.703138'}",44,21867,64,293,31
Michigan-Ontario,SB,WB,,2018-01-22T00:00:00.000,41.893268,-87.624038,"{'latitude': '41.893268', 'human_address': '{""address"": """", ""city"": """", ""state"": """", ""zip"": """"}', 'longitude': '-87.624038'}",22,21182,37,159,36
Western-Cermak,SB,EB,,2009-12-29T00:00:00.000,41.852031,-87.685639,"{'latitude': '41.852031', 'human_address': '{""address"": """", ""city"": """", ""state"": """", ""zip"": """"}', 'longitude': '-87.685639'}",8,14920,33,204,26
Sheridan-Foster,SB,WB,,2008-01-26T00:00:00.000,41.976396,-87.654993,"{'latitude': '41.976396', 'human_address': '{""address"": """", ""city"": """", ""state"": """", ""zip"": """"}', 'longitude': '-87.654993'}",40,22616,76,93,16
Pulaski-Belmont,SB,EB,,2007-05-19T00:00:00.000,41.939094,-87.727185,"{'latitude': '41.939094', 'human_address': '{""address"": """", ""city"": """", ""state"": """", ""zip"": """"}', 'longitude': '-87.727185'}",7,22618,22,464,21
Pulaski-North,NB,WB,,2008-11-30T00:00:00.000,41.909886,-87.72633,"{'latitude': '41.909886', 'human_address': '{""address"": """", ""city"": """", ""state"": """", ""zip"": """"}', 'longitude': '-87.72633'}",27,22615,24,454,49
Stony Island-79th-South Chicago,SB,WB,NB,2007-05-07T00:00:00.000,41.751506,-87.585823,"{'latitude': '41.751506', 'human_address': '{""address"": """", ""city"": """", ""state"": """", ""zip"": """"}', 'longitude': '-87.585823'}",9,21202,39,188,35
Damen-63rd,NB,SB,,2008-05-31T00:00:00.000,41.779315,-87.673906,"{'latitude': '41.779315', 'human_address': '{""address"": """", ""city"": """", ""state"": """", ""zip"": """"}', 'longitude': '-87.673906'}",44,22257,65,282,2
Cicero-North,EB,WB,,2008-05-31T00:00:00.000,41.909626,-87.746112,"{'latitude': '41.909626', 'human_address': '{""address"": """", ""city"": """", ""state"": """", ""zip"": """"}', 'longitude': '-87.746112'}",4,22615,26,62,45
Broadway-Sheridan-Devon,SB,EB,,2007-10-18T00:00:00.000,41.99819,-87.660545,"{'latitude': '41.99819', 'human_address': '{""address"": """", ""city"": """", ""state"": """", ""zip"": """"}', 'longitude': '-87.660545'}",3,4451,10,267,5
Kedzie-47th,NB,WB,,2008-03-30T00:00:00.000,41.808115,-87.703974,"{'latitude': '41.808115', 'human_address': '{""address"": """", ""city"": """", ""state"": """", ""zip"": """"}', 'longitude': '-87.703974'}",49,22248,55,85,8
Pulaski-Archer-50th,EB,WB,,2007-10-31T00:00:00.000,41.802317,-87.723422,"{'latitude': '41.802317', 'human_address': '{""address"": """", ""city"": """", ""state"": """", ""zip"": """"}', 'longitude': '-87.723422'}",49,22248,54,698,8
Elston-Lawrence,SB,WB,,2009-06-08T00:00:00.000,41.968108,-87.740163,"{'latitude': '41.968108', 'human_address': '{""address"": """", ""city"": """", ""state"": """", ""zip"": """"}', 'longitude': '-87.740163'}",28,21869,14,362,38
Damen-Division,EB,WB,,2009-12-29T00:00:00.000,41.903191,-87.677258,"{'latitude': '41.903191', 'human_address': '{""address"": """", ""city"": """", ""state"": """", ""zip"": """"}', 'longitude': '-87.677258'}",24,21560,25,481,41
Clark-Irving Park,EB,NB,,2008-07-22T00:00:00.000,41.954378,-87.662248,"{'latitude': '41.954378', 'human_address': '{""address"": """", ""city"": """", ""state"": """", ""zip"": """"}', 'longitude': '-87.662248'}",38,21186,57,725,25
Ashland-71st,NB,WB,,2004-10-11T00:00:00.000,41.76491,-87.663794,"{'latitude': '41.76491', 'human_address': '{""address"": """", ""city"": """", ""state"": """", ""zip"": """"}', 'longitude': '-87.663794'}",17,22257,65,284,31
Hamlin-Lake,NB,SB,,2008-05-31T00:00:00.000,41.885203,-87.720919,"{'latitude': '41.885203', 'human_address': '{""address"": """", ""city"": """", ""state"": """", ""zip"": """"}', 'longitude': '-87.720919'}",11,21572,28,176,23
Austin-Irving Park,NB,EB,,2008-06-30T00:00:00.000,41.953055,-87.776775,"{'latitude': '41.953055', 'human_address': '{""address"": """", ""city"": """", ""state"": """", ""zip"": """"}', 'longitude': '-87.776775'}",25,22254,17,443,19
Pulaski-63rd,SB,EB,,2007-03-31T00:00:00.000,41.778658,-87.722759,"{'latitude': '41.778658', 'human_address': '{""address"": """", ""city"": """", ""state"": """", ""zip"": """"}', 'longitude': '-87.722759'}",23,21867,63,238,15
Laramie-Madison,EB,WB,,2011-05-11T00:00:00.000,41.880371,-87.755065,"{'latitude': '41.880371', 'human_address': '{""address"": """", ""city"": """", ""state"": """", ""zip"": """"}', 'longitude': '-87.755065'}",11,22216,26,184,23
Osceola-Touhy,EB,WB,,2008-10-21T00:00:00.000,42.011553,-87.812251,"{'latitude': '42.011553', 'human_address': '{""address"": """", ""city"": """", ""state"": """", ""zip"": """"}', 'longitude': '-87.812251'}",34,22243,77,654,29
Pulaski-Armitage,WB,EB,,2008-05-31T00:00:00.000,41.917165,-87.726559,"{'latitude': '41.917165', 'human_address': '{""address"": """", ""city"": """", ""state"": """", ""zip"": """"}', 'longitude': '-87.726559'}",27,22535,21,135,12
California-Devon,NB,EB,,2008-07-31T00:00:00.000,41.997559,-87.699643,"{'latitude': '41.997559', 'human_address': '{""address"": """", ""city"": """", ""state"": """", ""zip"": """"}', 'longitude': '-87.699643'}",42,4450,20,30,27
Pulaski-Chicago,SB,EB,,2010-02-20T00:00:00.000,41.895367,-87.726078,"{'latitude': '41.895367', 'human_address': '{""address"": """", ""city"": """", ""state"": """", ""zip"": """"}', 'longitude': '-87.726078'}",41,4299,24,584,45
Damen-Elston,SB,,,2006-02-17T00:00:00.000,41.925816,-87.677898,"{'latitude': '41.925816', 'human_address': '{""address"": """", ""city"": """", ""state"": """", ""zip"": """"}', 'longitude': '-87.677898'}",16,22535,23,240,40
Western-Madison,NB,WB,,2004-06-01T00:00:00.000,41.881161,-87.686432,"{'latitude': '41.881161', 'human_address': '{""address"": """", ""city"": """", ""state"": """", ""zip"": """"}', 'longitude': '-87.686432'}",48,21184,29,785,46
Dr Martin Luther King-31st,NB,EB,,2008-06-22T00:00:00.000,41.838419,-87.617465,"{'latitude': '41.838419', 'human_address': '{""address"": """", ""city"": """", ""state"": """", ""zip"": """"}', 'longitude': '-87.617465'}",1,21194,1,191,10
Pulaski-Roosevelt,NB,WB,,2009-07-17T00:00:00.000,41.866172,-87.725169,"{'latitude': '41.866172', 'human_address': '{""address"": """", ""city"": """", ""state"": """", ""zip"": """"}', 'longitude': '-87.725169'}",36,21572,30,33,14
Ashland-95th,SB,EB,,2009-06-26T00:00:00.000,41.721214,-87.662684,"{'latitude': '41.721214', 'human_address': '{""address"": """", ""city"": """", ""state"": """", ""zip"": """"}', 'longitude': '-87.662684'}",18,22212,72,632,13
Halsted-95th,NB,SB,,2008-04-30T00:00:00.000,41.721458,-87.643212,"{'latitude': '41.721458', 'human_address': '{""address"": """", ""city"": """", ""state"": """", ""zip"": """"}', 'longitude': '-87.643212'}",18,21861,72,592,13
Damen-Diversey-Clybourn,SB,WB,,2008-06-30T00:00:00.000,41.932285,-87.678136,"{'latitude': '41.932285', 'human_address': '{""address"": """", ""city"": """", ""state"": """", ""zip"": """"}', 'longitude': '-87.678136'}",24,21190,46,616,40
Pulaski-Division,NB,SB,,2009-07-22T00:00:00.000,41.902671,-87.726303,"{'latitude': '41.902671', 'human_address': '{""address"": """", ""city"": """", ""state"": """", ""zip"": """"}', 'longitude': '-87.726303'}",41,4299,24,454,45
Kostner-Grand-North,EB,NB,SB,2004-03-11T00:00:00.000,41.909754,-87.736262,"{'latitude': '41.909754', 'human_address': '{""address"": """", ""city"": """", ""state"": """", ""zip"": """"}', 'longitude': '-87.736262'}",4,22615,24,286,49
Western-Addison,NB,EB,,2009-06-08T00:00:00.000,41.946731,-87.688258,"{'latitude': '41.946731', 'human_address': '{""address"": """", ""city"": """", ""state"": """", ""zip"": """"}', 'longitude': '-87.688258'}",13,21538,46,613,18
Cicero-47th,SB,WB,,2008-03-31T00:00:00.000,41.807623,-87.743153,"{'latitude': '41.807623', 'human_address': '{""address"": """", ""city"": """", ""state"": """", ""zip"": """"}', 'longitude': '-87.743153'}",35,22248,53,606,28
Hamlin-Madison,NB,EB,,2009-04-29T00:00:00.000,41.880789,-87.720752,"{'latitude': '41.880789', 'human_address': '{""address"": """", ""city"": """", ""state"": """", ""zip"": """"}', 'longitude': '-87.720752'}",11,21572,28,704,23
Michigan-Jackson,NB,EB,,2018-01-22T00:00:00.000,41.878246,-87.624087,"{'latitude': '41.878246', 'human_address': '{""address"": """", ""city"": """", ""state"": """", ""zip"": """"}', 'longitude': '-87.624087'}",48,14912,38,367,36
Sheridan-Hollywood,WB,EB,,2007-10-18T00:00:00.000,41.985549,-87.655242,"{'latitude': '41.985549', 'human_address': '{""address"": """", ""city"": """", ""state"": """", ""zip"": """"}', 'longitude': '-87.655242'}",40,4451,76,14,16
Northwest Hwy-Foster,SEB,EB,,2017-09-29T00:00:00.000,41.975688,-87.769261,"{'latitude': '41.975688', 'human_address': '{""address"": """", ""city"": """", ""state"": """", ""zip"": """"}', 'longitude': '-87.769261'}",20,21869,11,693,50
Halsted-99th,NB,EB,,2006-01-01T00:00:00.000,41.714215,-87.643004,"{'latitude': '41.714215', 'human_address': '{""address"": """", ""city"": """", ""state"": """", ""zip"": """"}', 'longitude': '-87.643004'}",18,21861,72,592,22
Cicero-Armitage,EB,NB,,2008-11-14T00:00:00.000,41.916931,-87.746111,"{'latitude': '41.916931', 'human_address': '{""address"": """", ""city"": """", ""state"": """", ""zip"": """"}', 'longitude': '-87.746111'}",7,22615,19,306,44
Ashland-Lawrence,SB,EB,,2008-08-27T00:00:00.000,41.968876,-87.66944,"{'latitude': '41.968876', 'human_address': '{""address"": """", ""city"": """", ""state"": """", ""zip"": """"}', 'longitude': '-87.66944'}",13,22616,31,559,18
LaSalle-Kinzie,NB,EB,,2004-04-30T00:00:00.000,41.889187,-87.632526,"{'latitude': '41.889187', 'human_address': '{""address"": """", ""city"": """", ""state"": """", ""zip"": """"}', 'longitude': '-87.632526'}",22,4446,37,670,36
Western-Chicago,NB,EB,,2007-05-07T00:00:00.000,41.895743,-87.686843,"{'latitude': '41.895743', 'human_address': '{""address"": """", ""city"": """", ""state"": """", ""zip"": """"}', 'longitude': '-87.686843'}",24,21560,25,541,49
Austin-Addison,EB,NB,,2008-06-28T00:00:00.000,41.945771,-87.776504,"{'latitude': '41.945771', 'human_address': '{""address"": """", ""city"": """", ""state"": """", ""zip"": """"}', 'longitude': '-87.776504'}",25,22254,17,443,44
Halsted-Division,NB,WB,,2004-04-07T00:00:00.000,41.903636,-87.648094,"{'latitude': '41.903636', 'human_address': '{""address"": """", ""city"": """", ""state"": """", ""zip"": """"}', 'longitude': '-87.648094'}",41,22620,37,108,46
Halsted-111th,SB,WB,,2006-01-01T00:00:00.000,41.692355,-87.642377,"{'latitude': '41.692355', 'human_address': '{""address"": """", ""city"": """", ""state"": """", ""zip"": """"}', 'longitude': '-87.642377'}",45,21861,45,486,22
Lake Shore-Belmont,SB,EB,,2008-06-22T00:00:00.000,41.94024,-87.638696,"{'latitude': '41.94024', 'human_address': '{""address"": """", ""city"": """", ""state"": """", ""zip"": """"}', 'longitude': '-87.638696'}",38,4449,57,683,25
Western-79th,NB,WB,,2007-05-07T00:00:00.000,41.750101,-87.682847,"{'latitude': '41.750101', 'human_address': '{""address"": """", ""city"": """", ""state"": """", ""zip"": """"}', 'longitude': '-87.682847'}",6,21554,69,243,30
Western-47th,SB,NB,,2004-11-29T00:00:00.000,41.808426,-87.684425,"{'latitude': '41.808426', 'human_address': '{""address"": """", ""city"": """", ""state"": """", ""zip"": """"}', 'longitude': '-87.684425'}",29,14924,55,687,3
Pulaski-Lawrence,SB,EB,,2008-07-31T00:00:00.000,41.968242,-87.728027,"{'latitude': '41.968242', 'human_address': '{""address"": """", ""city"": """", ""state"": """", ""zip"": """"}', 'longitude': '-87.728027'}",28,21849,14,117,12
Western-55th,SB,EB,,2003-11-01T00:00:00.000,41.793877,-87.68404,"{'latitude': '41.793877', 'human_address': '{""address"": """", ""city"": """", ""state"": """", ""zip"": """"}', 'longitude': '-87.68404'}",19,14924,61,112,3
Kedzie-71st,SB,WB,,2009-09-17T00:00:00.000,41.76439,-87.702811,"{'latitude': '41.76439', 'human_address': '{""address"": """", ""city"": """", ""state"": """", ""zip"": """"}', 'longitude': '-87.702811'}",6,21867,64,383,31
Cicero-Peterson,SB,WB,,2008-08-26T00:00:00.000,41.989898,-87.748325,"{'latitude': '41.989898', 'human_address': '{""address"": """", ""city"": """", ""state"": """", ""zip"": """"}', 'longitude': '-87.748325'}",28,22532,12,713,38
California-Irving Park,WB,EB,,2008-08-26T00:00:00.000,41.953973,-87.69824,"{'latitude': '41.953973', 'human_address': '{""address"": """", ""city"": """", ""state"": """", ""zip"": """"}', 'longitude': '-87.69824'}",2,21538,16,372,20
Clark-Fullerton,NB,SB,,2007-06-27T00:00:00.000,41.925585,-87.64048,"{'latitude': '41.925585', 'human_address': '{""address"": """", ""city"": """", ""state"": """", ""zip"": """"}', 'longitude': '-87.64048'}",51,21190,68,185,34
Cicero-Harrison,SB,EB,,2009-11-19T00:00:00.000,41.873141,-87.745,"{'latitude': '41.873141', 'human_address': '{""address"": """", ""city"": """", ""state"": """", ""zip"": """"}', 'longitude': '-87.745'}",36,22216,26,69,7
Western-Van Buren,WB,SB,,2008-05-29T00:00:00.000,41.876083,-87.686271,"{'latitude': '41.876083', 'human_address': '{""address"": """", ""city"": """", ""state"": """", ""zip"": """"}', 'longitude': '-87.686271'}",48,21184,29,756,23
Harlem-Belmont,NB,WB,,2007-06-18T00:00:00.000,41.937997,-87.806746,"{'latitude': '41.937997', 'human_address': '{""address"": """", ""city"": """", ""state"": """", ""zip"": """"}', 'longitude': '-87.806746'}",39,22254,17,396,7
Western-Touhy,SB,NB,,2008-10-21T00:00:00.000,42.012279,-87.690246,"{'latitude': '42.012279', 'human_address': '{""address"": """", ""city"": """", ""state"": """", ""zip"": """"}', 'longitude': '-87.690246'}",42,22528,20,268,27
Narragansett-Irving Park,EB,WB,,2004-10-14T00:00:00.000,41.952916,-87.786558,"{'latitude': '41.952916', 'human_address': '{""address"": """", ""city"": """", ""state"": """", ""zip"": """"}', 'longitude': '-87.786558'}",25,22254,17,443,19
Milwaukee-Devon,SB,WB,,2009-02-28T00:00:00.000,41.997354,-87.787444,"{'latitude': '41.997354', 'human_address': '{""address"": """", ""city"": """", ""state"": """", ""zip"": """"}', 'longitude': '-87.787444'}",34,22243,36,657,29
Ashland-Cortland,NB,EB,,2006-02-26T00:00:00.000,41.916128,-87.6678,"{'latitude': '41.916128', 'human_address': '{""address"": """", ""city"": """", ""state"": """", ""zip"": """"}', 'longitude': '-87.6678'}",16,22620,23,209,40
Central-Diversey,SB,WB,,2009-08-18T00:00:00.000,41.931278,-87.766248,"{'latitude': '41.931278', 'human_address': '{""address"": """", ""city"": """", ""state"": """", ""zip"": """"}', 'longitude': '-87.766248'}",7,22615,19,82,17
Western-Foster,SB,WB,,2007-06-05T00:00:00.000,41.97589,-87.689148,"{'latitude': '41.97589', 'human_address': '{""address"": """", ""city"": """", ""state"": """", ""zip"": """"}', 'longitude': '-87.689148'}",13,21849,6,54,24
Vincennes-87th,SB,EB,,2004-11-11T00:00:00.000,41.73605,-87.645174,"{'latitude': '41.73605', 'human_address': '{""address"": """", ""city"": """", ""state"": """", ""zip"": """"}', 'longitude': '-87.645174'}",18,21554,70,533,13
Kilpatrick-Irving Park,EB,WB,,2008-10-21T00:00:00.000,41.953446,-87.745578,"{'latitude': '41.953446', 'human_address': '{""address"": """", ""city"": """", ""state"": """", ""zip"": """"}', 'longitude': '-87.745578'}",20,22618,15,139,50
Kedzie-Belmont,SB,EB,NB,2004-03-01T00:00:00.000,41.93933,-87.707696,"{'latitude': '41.93933', 'human_address': '{""address"": """", ""city"": """", ""state"": """", ""zip"": """"}', 'longitude': '-87.707696'}",2,21538,22,465,20
Cicero-Lawrence,NB,SB,,2004-11-02T00:00:00.000,41.968029,-87.74772,"{'latitude': '41.968029', 'human_address': '{""address"": """", ""city"": """", ""state"": """", ""zip"": """"}', 'longitude': '-87.74772'}",28,21869,14,362,38
Central-Chicago,SB,EB,,2010-05-28T00:00:00.000,41.894852,-87.765395,"{'latitude': '41.894852', 'human_address': '{""address"": """", ""city"": """", ""state"": """", ""zip"": """"}', 'longitude': '-87.765395'}",52,4299,26,672,7
Kedzie-79th-Columbus,SB,EB,,2006-01-10T00:00:00.000,41.749842,-87.702396,"{'latitude': '41.749842', 'human_address': '{""address"": """", ""city"": """", ""state"": """", ""zip"": """"}', 'longitude': '-87.702396'}",6,4300,69,498,30
Kedzie-31st,SB,WB,,2008-05-23T00:00:00.000,41.837231,-87.704823,"{'latitude': '41.837231', 'human_address': '{""address"": """", ""city"": """", ""state"": """", ""zip"": """"}', 'longitude': '-87.704823'}",14,21569,32,200,28
Ashland-Fullerton,NB,SB,,2009-06-08T00:00:00.000,41.92515,-87.668144,"{'latitude': '41.92515', 'human_address': '{""address"": """", ""city"": """", ""state"": """", ""zip"": """"}', 'longitude': '-87.668144'}",16,21190,68,210,11
Damen-Fullerton,EB,,,2006-02-17T00:00:00.000,41.925025,-87.677898,"{'latitude': '41.925025', 'human_address': '{""address"": """", ""city"": """", ""state"": """", ""zip"": """"}', 'longitude': '-87.677898'}",16,21190,23,209,40
Central-Belmont,SB,WB,,2009-02-05T00:00:00.000,41.938573,-87.766499,"{'latitude': '41.938573', 'human_address': '{""address"": """", ""city"": """", ""state"": """", ""zip"": """"}', 'longitude': '-87.766499'}",27,22618,19,303,17
Clark-Chicago,EB,WB,,2010-10-22T00:00:00.000,41.896635,-87.631243,"{'latitude': '41.896635', 'human_address': '{""address"": """", ""city"": """", ""state"": """", ""zip"": """"}', 'longitude': '-87.631243'}",22,4446,37,670,11
Elston-Addison,SB,EB,,2007-10-19T00:00:00.000,41.946622,-87.708841,"{'latitude': '41.946622', 'human_address': '{""address"": """", ""city"": """", ""state"": """", ""zip"": """"}', 'longitude': '-87.708841'}",2,21538,22,138,12
Kostner-Roosevelt,EB,NB,,2004-03-18T00:00:00.000,41.866031,-87.734965,"{'latitude': '41.866031', 'human_address': '{""address"": """", ""city"": """", ""state"": """", ""zip"": """"}', 'longitude': '-87.734965'}",36,21569,30,761,14
Sacramento-Lake,NB,SB,,2009-10-20T00:00:00.000,41.884075,-87.701291,"{'latitude': '41.884075', 'human_address': '{""address"": """", ""city"": """", ""state"": """", ""zip"": """"}', 'longitude': '-87.701291'}",48,21184,28,50,46
Stony Island-76th,NB,SB,,2008-11-30T00:00:00.000,41.756944,-87.58609,"{'latitude': '41.756944', 'human_address': '{""address"": """", ""city"": """", ""state"": """", ""zip"": """"}', 'longitude': '-87.58609'}",32,22538,39,188,33
Austin-Diversey,WB,EB,,2008-06-28T00:00:00.000,41.931139,-87.775966,"{'latitude': '41.931139', 'human_address': '{""address"": """", ""city"": """", ""state"": """", ""zip"": """"}', 'longitude': '-87.775966'}",52,22615,19,81,21
Western-Devon,NB,SB,,2008-07-31T00:00:00.000,41.99773,-87.689881,"{'latitude': '41.99773', 'human_address': '{""address"": """", ""city"": """", ""state"": """", ""zip"": """"}', 'longitude': '-87.689881'}",42,4450,20,53,27
Halsted-Roosevelt,WB,EB,,2008-06-14T00:00:00.000,41.867152,-87.646919,"{'latitude': '41.867152', 'human_address': '{""address"": """", ""city"": """", ""state"": """", ""zip"": """"}', 'longitude': '-87.646919'}",8,14917,29,97,48
Halsted-Fullerton-Lincoln,NB,WB,,2008-08-31T00:00:00.000,41.925454,-87.64876,"{'latitude': '41.925454', 'human_address': '{""address"": """", ""city"": """", ""state"": """", ""zip"": """"}', 'longitude': '-87.64876'}",51,21190,68,798,34
State-75th,NB,WB,,2009-08-28T00:00:00.000,41.75818,-87.624757,"{'latitude': '41.75818', 'human_address': '{""address"": """", ""city"": """", ""state"": """", ""zip"": """"}', 'longitude': '-87.624757'}",31,21546,67,475,32
Central-Lake,SB,EB,,2009-07-17T00:00:00.000,41.887729,-87.76512,"{'latitude': '41.887729', 'human_address': '{""address"": """", ""city"": """", ""state"": """", ""zip"": """"}', 'longitude': '-87.76512'}",52,22216,26,672,7
Ashland-Madison,NB,WB,,2004-03-06T00:00:00.000,41.881454,-87.666802,"{'latitude': '41.881454', 'human_address': '{""address"": """", ""city"": """", ""state"": """", ""zip"": """"}', 'longitude': '-87.666802'}",48,14917,29,91,46
Narragansett-Fullerton,EB,WB,,2008-11-14T00:00:00.000,41.923676,-87.785441,"{'latitude': '41.923676', 'human_address': '{""address"": """", ""city"": """", ""state"": """", ""zip"": """"}', 'longitude': '-87.785441'}",52,22615,19,77,44
Nagle-Foster,WB,NB,,2004-10-14T00:00:00.000,41.975652,-87.787872,"{'latitude': '41.975652', 'human_address': '{""address"": """", ""city"": """", ""state"": """", ""zip"": """"}', 'longitude': '-87.787872'}",20,21869,11,779,50
Cicero-Archer,NB,WB,,2007-11-13T00:00:00.000,41.798659,-87.742927,"{'latitude': '41.798659', 'human_address': '{""address"": """", ""city"": """", ""state"": """", ""zip"": """"}', 'longitude': '-87.742927'}",35,22248,53,173,8
California-Diversey,NB,WB,EB,2006-01-31T00:00:00.000,41.932096,-87.697616,"{'latitude': '41.932096', 'human_address': '{""address"": """", ""city"": """", ""state"": """", ""zip"": """"}', 'longitude': '-87.697616'}",15,22535,22,467,20
Laramie-Irving Park,EB,WB,,2010-01-27T00:00:00.000,41.953299,-87.757148,"{'latitude': '41.953299', 'human_address': '{""address"": """", ""city"": """", ""state"": """", ""zip"": """"}', 'longitude': '-87.757148'}",25,22618,15,231,50
Elston-Irving Park,SB,EB,,2009-08-12T00:00:00.000,41.95373,-87.719084,"{'latitude': '41.95373', 'human_address': '{""address"": """", ""city"": """", ""state"": """", ""zip"": """"}', 'longitude': '-87.719084'}",2,21538,16,326,50
Western-Peterson,NB,SB,,2004-02-26T00:00:00.000,41.9905,-87.689671,"{'latitude': '41.9905', 'human_address': '{""address"": """", ""city"": """", ""state"": """", ""zip"": """"}', 'longitude': '-87.689671'}",46,21849,6,664,24
Kedzie-55th,SB,EB,,2009-10-20T00:00:00.000,41.793513,-87.703553,"{'latitude': '41.793513', 'human_address': '{""address"": """", ""city"": """", ""state"": """", ""zip"": """"}', 'longitude': '-87.703553'}",49,22248,61,764,8
Pulaski-Cermak,SB,WB,,2004-10-11T00:00:00.000,41.851546,-87.724757,"{'latitude': '41.851546', 'human_address': '{""address"": """", ""city"": """", ""state"": """", ""zip"": """"}', 'longitude': '-87.724757'}",14,21569,30,125,28
Ashland-Irving Park,NB,EB,,2008-08-26T00:00:00.000,41.954291,-87.669047,"{'latitude': '41.954291', 'human_address': '{""address"": """", ""city"": """", ""state"": """", ""zip"": """"}', 'longitude': '-87.669047'}",13,21186,57,650,18
Western-Marquette,SB,WB,,2008-11-30T00:00:00.000,41.771977,-87.683443,"{'latitude': '41.771977', 'human_address': '{""address"": """", ""city"": """", ""state"": """", ""zip"": """"}', 'longitude': '-87.683443'}",17,22257,64,370,31
Halsted-North,NB,WB,,2009-06-29T00:00:00.000,41.91092,-87.648273,"{'latitude': '41.91092', 'human_address': '{""address"": """", ""city"": """", ""state"": """", ""zip"": """"}', 'longitude': '-87.648273'}",51,22620,68,168,34
Central-Irving Park,SB,EB,,2008-06-30T00:00:00.000,41.953183,-87.766998,"{'latitude': '41.953183', 'human_address': '{""address"": """", ""city"": """", ""state"": """", ""zip"": """"}', 'longitude': '-87.766998'}",25,22618,15,231,19
Pulaski-79th,SB,WB,,2009-09-17T00:00:00.000,41.749569,-87.721913,"{'latitude': '41.749569', 'human_address': '{""address"": """", ""city"": """", ""state"": """", ""zip"": """"}', 'longitude': '-87.721913'}",6,4300,69,571,30
Pulaski-Foster,SB,WB,,2007-10-18T00:00:00.000,41.975532,-87.728234,"{'latitude': '41.975532', 'human_address': '{""address"": """", ""city"": """", ""state"": """", ""zip"": """"}', 'longitude': '-87.728234'}",28,21849,13,748,38
Cicero-Chicago,NB,EB,,2007-10-05T00:00:00.000,41.895003,-87.745805,"{'latitude': '41.895003', 'human_address': '{""address"": """", ""city"": """", ""state"": """", ""zip"": """"}', 'longitude': '-87.745805'}",11,4299,26,695,23
Illinois-Columbus,NB,SB,,2010-10-28T00:00:00.000,41.891002,-87.620224,"{'latitude': '41.891002', 'human_address': '{""address"": """", ""city"": """", ""state"": """", ""zip"": """"}', 'longitude': '-87.620224'}",22,21182,37,159,36
Central-Milwaukee,SB,SEB,,2017-09-29T00:00:00.000,41.976514,-87.768467,"{'latitude': '41.976514', 'human_address': '{""address"": """", ""city"": """", ""state"": """", ""zip"": """"}', 'longitude': '-87.768467'}",20,21869,11,693,50
State-79th,WB,NB,,2009-06-26T00:00:00.000,41.750958,-87.624547,"{'latitude': '41.750958', 'human_address': '{""address"": """", ""city"": """", ""state"": """", ""zip"": """"}', 'longitude': '-87.624547'}",31,21546,40,1,32
Kostner-Ogden,SB,EB,,2008-05-23T00:00:00.000,41.847697,-87.734387,"{'latitude': '41.847697', 'human_address': '{""address"": """", ""city"": """", ""state"": """", ""zip"": """"}', 'longitude': '-87.734387'}",14,21569,30,125,28
Clark-Ridge,NB,SB,,2008-07-23T00:00:00.000,41.989697,-87.669985,"{'latitude': '41.989697', 'human_address': '{""address"": """", ""city"": """", ""state"": """", ""zip"": """"}', 'longitude': '-87.669985'}",46,4451,76,539,24
Pulaski-55th,SB,WB,,2004-11-19T00:00:00.000,41.793205,-87.72316,"{'latitude': '41.793205', 'human_address': '{""address"": """", ""city"": """", ""state"": """", ""zip"": """"}', 'longitude': '-87.72316'}",35,22248,60,793,6
Western-Montrose,NB,WB,,2008-08-26T00:00:00.000,41.961313,-87.688681,"{'latitude': '41.961313', 'human_address': '{""address"": """", ""city"": """", ""state"": """", ""zip"": """"}', 'longitude': '-87.688681'}",13,21538,6,623,18
Jeffery-95th,SB,EB,,2007-11-26T00:00:00.000,41.722468,-87.575353,"{'latitude': '41.722468', 'human_address': '{""address"": """", ""city"": """", ""state"": """", ""zip"": """"}', 'longitude': '-87.575353'}",43,21202,48,252,37
Halsted-Madison,NB,SB,,2008-06-14T00:00:00.000,41.881776,-87.647361,"{'latitude': '41.881776', 'human_address': '{""address"": """", ""city"": """", ""state"": """", ""zip"": """"}', 'longitude': '-87.647361'}",41,4452,29,91,46
Broadway-Foster,NB,EB,,2007-10-18T00:00:00.000,41.976323,-87.659867,"{'latitude': '41.976323', 'human_address': '{""address"": """", ""city"": """", ""state"": """", ""zip"": """"}', 'longitude': '-87.659867'}",40,22616,76,540,16
Homan-Kimball-North,NB,EB,,2007-10-05T00:00:00.000,41.910053,-87.711879,"{'latitude': '41.910053', 'human_address': '{""address"": """", ""city"": """", ""state"": """", ""zip"": """"}', 'longitude': '-87.711879'}",10,22535,24,455,49
Western-35th,SB,NB,,2004-10-11T00:00:00.000,41.83028,-87.685033,"{'latitude': '41.83028', 'human_address': '{""address"": """", ""city"": """", ""state"": """", ""zip"": """"}', 'longitude': '-87.685033'}",29,14924,56,2,1
Halsted-119th,SB,WB,,2004-11-02T00:00:00.000,41.677815,-87.641907,"{'latitude': '41.677815', 'human_address': '{""address"": """", ""city"": """", ""state"": """", ""zip"": """"}', 'longitude': '-87.641907'}",45,21861,50,255,22
Cicero-Addison,NB,SB,,2008-11-30T00:00:00.000,41.946124,-87.747064,"{'latitude': '41.946124', 'human_address': '{""address"": """", ""city"": """", ""state"": """", ""zip"": """"}', 'longitude': '-87.747064'}",27,22618,15,115,21
Harlem-Addison,NB,EB,,2009-06-21T00:00:00.000,41.945264,-87.807006,"{'latitude': '41.945264', 'human_address': '{""address"": """", ""city"": """", ""state"": """", ""zip"": """"}', 'longitude': '-87.807006'}",39,22254,17,458,19
Cicero-Stevenson NB (SOUTH INTERSECTION),NB,SB,,2009-04-29T00:00:00.000,41.817092,-87.743477,"{'latitude': '41.817092', 'human_address': '{""address"": """", ""city"": """", ""state"": """", ""zip"": """"}', 'longitude': '-87.743477'}",35,4458,53,566,28
