{"approvals": [{"state": "approved", "submissionObject": "public_audience_request", "submissionId": 947360, "submissionDetails": {"permissionType": "READ"}, "submitter": {"displayName": "cocadmin", "id": "scy9-9wg4"}, "submittedAt": 1480461214, "reviewedAutomatically": true, "submissionOutcome": "change_audience", "workflowId": 2226, "reviewedAt": 1480461214, "submissionOutcomeApplication": {"failureCount": 0, "status": "success"}}], "description": "This dataset shows the location, first operational date, and approaches of the red light cameras in the City of Chicago. The approach describes the originating direction of travel which is monitored by a red light camera.", "grants": [{"flags": ["public"], "inherited": false, "type": "viewer"}], "attributionLink": "http://www.cityofchicago.org", "publicationDate": 1480461214, "newBackend": true, "oid": 24980307, "rowsUpdatedAt": 1575545237, "averageRating": 0, "tableId": 13926699, "displayType": "table", "provenance": "official", "createdAt": 1407782924, "indexUpdatedAt": 1552386440, "tableAuthor": {"userSegment": "site_member", "flags": ["mayBeStoriesCoOwner"], "profileImageUrlLarge": "/api/users/scy9-9wg4/profile_images/LARGE", "screenName": "cocadmin", "displayName": "cocadmin", "profileImageUrlSmall": "/api/users/scy9-9wg4/profile_images/TINY", "type": "interactive", "profileImageUrlMedium": "/api/users/scy9-9wg4/profile_images/THUMB", "id": "scy9-9wg4"}, "viewLastModified": 1531341914, "viewType": "tabular", "columns": [{"tableColumnId": 21344327, "renderTypeName": "text", "dataTypeName": "text", "name": "INTERSECTION", "format": {"align": "left", "aggregate": "count"}, "width": 244, "cachedContents": {"top": [{"count": "1", "item": "Ashland-71st"}, {"count": "1", "item": "Ashland-87th"}, {"count": "1", "item": "Ashland-95th"}, {"count": "1", "item": "Ashland-Cortland"}, {"count": "1", "item": "Ashland-Division"}, {"count": "1", "item": "Ashland-Fullerton"}, {"count": "1", "item": "Ashland-Irving Park"}, {"count": "1", "item": "Ashland-Lawrence"}, {"count": "1", "item": "Ashland-Madison"}, {"count": "1", "item": "Austin-Addison"}, {"count": "1", "item": "Austin-Diversey"}, {"count": "1", "item": "Austin-Irving Park"}, {"count": "1", "item": "Broadway-Foster"}, {"count": "1", "item": "Broadway-Sheridan-Devon"}, {"count": "1", "item": "California-Devon"}, {"count": "1", "item": "California-Diversey"}, {"count": "1", "item": "California-Irving Park"}, {"count": "1", "item": "California-Peterson"}, {"count": "1", "item": "Canal-Roosevelt"}, {"count": "1", "item": "Central-Addison"}], "not_null": "149", "cardinality": "149", "largest": "Western-Van\u00a0Buren", "null": "0", "non_null": "149", "smallest": "Ashland-71st"}, "position": 1, "fieldName": "intersection", "id": 279481420}, {"tableColumnId": 21344328, "renderTypeName": "text", "dataTypeName": "text", "name": "FIRST APPROACH", "format": {}, "width": 193, "cachedContents": {"top": [{"count": "64", "item": "NB"}, {"count": "58", "item": "SB"}, {"count": "16", "item": "EB"}, {"count": "10", "item": "WB"}, {"count": "1", "item": "SEB"}], "not_null": "149", "cardinality": "5", "largest": "WB", "null": "0", "non_null": "149", "smallest": "EB"}, "position": 2, "fieldName": "first_approach", "id": 279481421}, {"tableColumnId": 21344329, "renderTypeName": "text", "dataTypeName": "text", "name": "SECOND APPROACH", "format": {}, "width": 211, "cachedContents": {"top": [{"count": "58", "item": "WB"}, {"count": "52", "item": "EB"}, {"count": "22", "item": "SB"}, {"count": "14", "item": "NB"}, {"count": "1", "item": "SEB"}], "not_null": "147", "cardinality": "5", "largest": "WB", "null": "2", "non_null": "147", "smallest": "EB"}, "position": 3, "fieldName": "second_approach", "id": 279481422}, {"tableColumnId": 21344330, "renderTypeName": "text", "dataTypeName": "text", "name": "THIRD APPROACH", "format": {}, "width": 195, "cachedContents": {"top": [{"count": "2", "item": "NB"}, {"count": "1", "item": "EB"}, {"count": "1", "item": "SB"}], "not_null": "4", "cardinality": "3", "largest": "SB", "null": "145", "non_null": "4", "smallest": "EB"}, "position": 4, "fieldName": "third_approach", "id": 279481423}, {"tableColumnId": 21344331, "renderTypeName": "calendar_date", "dataTypeName": "calendar_date", "name": "GO LIVE DATE", "format": {"align": "left", "view": "date"}, "width": 183, "cachedContents": {"top": [{"count": "5", "item": "2008-11-30T00:00:00.000"}, {"count": "4", "item": "2007-10-18T00:00:00.000"}, {"count": "4", "item": "2007-11-26T00:00:00.000"}, {"count": "4", "item": "2008-08-26T00:00:00.000"}, {"count": "4", "item": "2008-07-31T00:00:00.000"}, {"count": "4", "item": "2009-06-29T00:00:00.000"}, {"count": "4", "item": "2008-05-31T00:00:00.000"}, {"count": "3", "item": "2008-06-30T00:00:00.000"}, {"count": "3", "item": "2008-06-28T00:00:00.000"}, {"count": "3", "item": "2004-10-11T00:00:00.000"}, {"count": "3", "item": "2008-04-30T00:00:00.000"}, {"count": "3", "item": "2009-06-08T00:00:00.000"}, {"count": "3", "item": "2008-10-21T00:00:00.000"}, {"count": "3", "item": "2007-05-07T00:00:00.000"}, {"count": "3", "item": "2008-06-14T00:00:00.000"}, {"count": "3", "item": "2007-10-05T00:00:00.000"}, {"count": "2", "item": "2007-03-31T00:00:00.000"}, {"count": "2", "item": "2004-10-14T00:00:00.000"}, {"count": "2", "item": "2004-11-02T00:00:00.000"}, {"count": "2", "item": "2006-01-01T00:00:00.000"}], "not_null": "149", "cardinality": "92", "largest": "2018-02-19T00:00:00.000", "null": "0", "non_null": "149", "smallest": "2003-11-01T00:00:00.000"}, "position": 5, "fieldName": "go_live_date", "id": 279481424}, {"tableColumnId": 21344332, "renderTypeName": "number", "dataTypeName": "number", "name": "LATITUDE", "format": {}, "width": 139, "cachedContents": {"average": "41.88545942953020", "top": [{"count": "1", "item": "41.677815"}, {"count": "1", "item": "41.692355"}, {"count": "1", "item": "41.714215"}, {"count": "1", "item": "41.721214"}, {"count": "1", "item": "41.721458"}, {"count": "1", "item": "41.722468"}, {"count": "1", "item": "41.735788"}, {"count": "1", "item": "41.73605"}, {"count": "1", "item": "41.736271"}, {"count": "1", "item": "41.749569"}, {"count": "1", "item": "41.749842"}, {"count": "1", "item": "41.750101"}, {"count": "1", "item": "41.750643"}, {"count": "1", "item": "41.750958"}, {"count": "1", "item": "41.751506"}, {"count": "1", "item": "41.756944"}, {"count": "1", "item": "41.75818"}, {"count": "1", "item": "41.76439"}, {"count": "1", "item": "41.76491"}, {"count": "1", "item": "41.765868"}], "not_null": "149", "sum": "6240.933455", "cardinality": "149", "largest": "42.012279", "null": "0", "smallest": "41.677815", "non_null": "149"}, "position": 6, "fieldName": "latitude", "id": 279481425}, {"tableColumnId": 21344333, "renderTypeName": "number", "dataTypeName": "number", "name": "LONGITUDE", "format": {}, "width": 153, "cachedContents": {"average": "-87.69940756375839", "top": [{"count": "2", "item": "-87.677898"}, {"count": "1", "item": "-87.807006"}, {"count": "1", "item": "-87.806746"}, {"count": "1", "item": "-87.787872"}, {"count": "1", "item": "-87.787444"}, {"count": "1", "item": "-87.786558"}, {"count": "1", "item": "-87.785441"}, {"count": "1", "item": "-87.776775"}, {"count": "1", "item": "-87.776504"}, {"count": "1", "item": "-87.775966"}, {"count": "1", "item": "-87.769261"}, {"count": "1", "item": "-87.768467"}, {"count": "1", "item": "-87.766998"}, {"count": "1", "item": "-87.766754"}, {"count": "1", "item": "-87.766499"}, {"count": "1", "item": "-87.766248"}, {"count": "1", "item": "-87.765989"}, {"count": "1", "item": "-87.765395"}, {"count": "1", "item": "-87.76512"}, {"count": "1", "item": "-87.757148"}], "not_null": "149", "sum": "-13067.211727", "cardinality": "148", "largest": "-87.575353", "null": "0", "smallest": "-87.812251", "non_null": "149"}, "position": 7, "fieldName": "longitude", "id": 279481426}, {"tableColumnId": 21344334, "renderTypeName": "location", "dataTypeName": "location", "name": "LOCATION", "format": {"align": "left", "view": "coords"}, "width": 161, "position": 8, "fieldName": "location", "id": 279481427}, {"tableColumnId": 28590064, "computationStrategy": {"parameters": {"primary_key": "_feature_id", "region": "_awaf-s7ux"}, "source_columns": ["location"], "type": "georegion_match_on_point"}, "renderTypeName": "number", "dataTypeName": "number", "name": "Historical Wards 2003-2015", "format": {}, "position": 13, "fieldName": ":@computed_region_awaf_s7ux", "id": 205798621}, {"tableColumnId": 28590070, "computationStrategy": {"parameters": {"primary_key": "_feature_id", "region": "_6mkv-f3dw"}, "source_columns": ["location"], "type": "georegion_match_on_point"}, "renderTypeName": "number", "dataTypeName": "number", "name": "Zip Codes", "format": {}, "position": 14, "fieldName": ":@computed_region_6mkv_f3dw", "id": 205798628}, {"tableColumnId": 28590080, "computationStrategy": {"parameters": {"primary_key": "_feature_id", "region": "_vrxf-vc4k"}, "source_columns": ["location"], "type": "georegion_match_on_point"}, "renderTypeName": "number", "dataTypeName": "number", "name": "Community Areas", "format": {}, "position": 15, "fieldName": ":@computed_region_vrxf_vc4k", "id": 205798637}, {"tableColumnId": 28590081, "computationStrategy": {"parameters": {"primary_key": "_feature_id", "region": "_bdys-3d7i"}, "source_columns": ["location"], "type": "georegion_match_on_point"}, "renderTypeName": "number", "dataTypeName": "number", "name": "Census Tracts", "format": {}, "position": 16, "fieldName": ":@computed_region_bdys_3d7i", "id": 205798638}, {"tableColumnId": 28590082, "computationStrategy": {"parameters": {"primary_key": "_feature_id", "region": "_43wa-7qmu"}, "source_columns": ["location"], "type": "georegion_match_on_point"}, "renderTypeName": "number", "dataTypeName": "number", "name": "Wards", "format": {}, "position": 17, "fieldName": ":@computed_region_43wa_7qmu", "id": 205798639}], "totalTimesRated": 0, "owner": {"userSegment": "site_member", "flags": ["mayBeStoriesCoOwner"], "profileImageUrlLarge": "/api/users/scy9-9wg4/profile_images/LARGE", "screenName": "cocadmin", "displayName": "cocadmin", "profileImageUrlSmall": "/api/users/scy9-9wg4/profile_images/TINY", "type": "interactive", "profileImageUrlMedium": "/api/users/scy9-9wg4/profile_images/THUMB", "id": "scy9-9wg4"}, "rowsUpdatedBy": "n9j5-zhen", "viewCount": 6592, "publicationStage": "published", "hideFromDataJson": false, "rights": ["read"], "flags": ["default", "restorable", "restorePossibleForType"], "query": {}, "id": "thvf-6diy", "downloadCount": 6831, "hideFromCatalog": false, "category": "Transportation", "metadata": {"rdfSubject": "0", "renderTypeConfig": {"visible": {"table": true}}, "availableDisplayTypes": ["table", "fatrow", "page"], "custom_fields": {"Metadata": {"Frequency": "Daily", "Time Period": "Current", "Data Owner": "Transportation"}}}, "tags": ["transportation", "red light cameras", "traffic"], "name": "Red Light Camera Locations", "publicationAppendEnabled": false, "attribution": "City of Chicago", "numberOfComments": 0, "publicationGroup": 1680313}