{"approvals": [{"state": "approved", "submissionObject": "public_audience_request", "submissionId": 947366, "submissionDetails": {"permissionType": "READ"}, "submitter": {"displayName": "cocadmin", "id": "scy9-9wg4"}, "submittedAt": 1480461404, "reviewedAutomatically": true, "submissionOutcome": "change_audience", "workflowId": 2226, "reviewedAt": 1480461404, "submissionOutcomeApplication": {"failureCount": 0, "status": "success"}}], "description": "This dataset reflects the daily volume of violations that have occurred in Children's Safety Zones for each camera. The data reflects violations that occurred from July 1, 2014 until present, minus the most recent 14 days. This data may change due to occasional time lags between the capturing of a potential violation and the processing and determination of a violation. The most recent 14 days are not shown due to revised data being submitted to the City of Chicago. The reported violations are those that have been collected by the camera and radar system and reviewed by two separate City contractors. In some instances, due to the inability the registered owner of the offending vehicle, the violation may not be issued as a citation. However, this dataset contains all violations regardless of whether a citation was issued, which provides an accurate view into the Automated Speed Enforcement Program violations taking place in Children's Safety Zones. More information on the Safety Zone Program can be found here: http://www.cityofchicago.org/city/en/depts/cdot/supp_info/children_s_safetyzoneporgramautomaticspeedenforcement.html. The corresponding dataset for red light camera violations is https://data.cityofchicago.org/id/spqx-js37.", "grants": [{"flags": ["public"], "inherited": false, "type": "viewer"}], "attributionLink": "http://www.cityofchicago.org", "publicationDate": 1480461404, "newBackend": true, "oid": 24980332, "rowsUpdatedAt": 1575544814, "averageRating": 0, "tableId": 13926705, "displayType": "table", "provenance": "official", "createdAt": 1407458008, "indexUpdatedAt": 1555928473, "tableAuthor": {"userSegment": "site_member", "flags": ["mayBeStoriesCoOwner"], "profileImageUrlLarge": "/api/users/scy9-9wg4/profile_images/LARGE", "screenName": "cocadmin", "displayName": "cocadmin", "profileImageUrlSmall": "/api/users/scy9-9wg4/profile_images/TINY", "type": "interactive", "profileImageUrlMedium": "/api/users/scy9-9wg4/profile_images/THUMB", "id": "scy9-9wg4"}, "viewLastModified": 1531341922, "viewType": "tabular", "columns": [{"tableColumnId": 21270995, "description": "Address of the location of the speed enforcement camera(s). There may be more than one camera at each address.", "renderTypeName": "text", "dataTypeName": "text", "name": "ADDRESS", "format": {"align": "left", "aggregate": "count"}, "width": 184, "cachedContents": {"top": [{"count": "1965", "item": "5520 S WESTERN"}, {"count": "1963", "item": "536 E MORGAN DR"}, {"count": "1963", "item": "6226 W IRVING PARK RD"}, {"count": "1963", "item": "3646 W MADISON"}, {"count": "1962", "item": "1315 W GARFIELD BLVD"}, {"count": "1961", "item": "2900 W OGDEN"}, {"count": "1960", "item": "6909 S KEDZIE"}, {"count": "1959", "item": "6523 N WESTERN"}, {"count": "1959", "item": "5120 N PULASKI"}, {"count": "1958", "item": "2912 W ROOSEVELT"}, {"count": "1958", "item": "1111 N HUMBOLDT"}, {"count": "1958", "item": "2513 W 55TH"}, {"count": "1958", "item": "2917 W ROOSEVELT"}, {"count": "1955", "item": "2080 W PERSHING"}, {"count": "1954", "item": "1142 W IRVING PARK"}, {"count": "1953", "item": "5330 S COTTAGE GROVE"}, {"count": "1953", "item": "2443 N ASHLAND"}, {"count": "1952", "item": "445 W 127TH"}, {"count": "1952", "item": "6818 S KEDZIE"}, {"count": "1951", "item": "3655 W JACKSON"}], "not_null": "206749", "cardinality": "164", "largest": "9618 S EWING AVE", "null": "0", "non_null": "207716", "smallest": "10318 S INDIANAPOLIS"}, "position": 1, "fieldName": "address", "id": 279481847}, {"tableColumnId": 21489181, "description": "A unique ID associated with the physical camera at each location. There may be more than one camera at a physical address.", "renderTypeName": "text", "dataTypeName": "text", "name": "CAMERA ID", "format": {"align": "left"}, "width": 156, "cachedContents": {"top": [{"count": "1965", "item": "CHI069"}, {"count": "1963", "item": "CHI009"}, {"count": "1963", "item": "CHI083"}, {"count": "1963", "item": "CHI029"}, {"count": "1962", "item": "CHI121"}, {"count": "1961", "item": "CHI021"}, {"count": "1960", "item": "CHI014"}, {"count": "1959", "item": "CHI004"}, {"count": "1959", "item": "CHI051"}, {"count": "1958", "item": "CHI020"}, {"count": "1958", "item": "CHI070"}, {"count": "1958", "item": "CHI010"}, {"count": "1958", "item": "CHI019"}, {"count": "1955", "item": "CHI005"}, {"count": "1954", "item": "CHI095"}, {"count": "1953", "item": "CHI091"}, {"count": "1953", "item": "CHI013"}, {"count": "1952", "item": "CHI045"}, {"count": "1952", "item": "CHI018"}, {"count": "1951", "item": "CHI008"}], "not_null": "206749", "cardinality": "162", "largest": "CHI184", "null": "0", "non_null": "207716", "smallest": "CHI003"}, "position": 2, "fieldName": "camera_id", "id": 279481848}, {"tableColumnId": 21270996, "description": "The date of when the violations occurred. NOTE: The citation may be issued on a different date.", "renderTypeName": "calendar_date", "dataTypeName": "calendar_date", "name": "VIOLATION DATE", "format": {"align": "left", "view": "date"}, "width": 191, "cachedContents": {"top": [{"count": "156", "item": "2019-05-23T00:00:00.000"}, {"count": "155", "item": "2019-09-16T00:00:00.000"}, {"count": "155", "item": "2018-12-10T00:00:00.000"}, {"count": "155", "item": "2019-05-22T00:00:00.000"}, {"count": "154", "item": "2019-02-27T00:00:00.000"}, {"count": "154", "item": "2019-09-18T00:00:00.000"}, {"count": "154", "item": "2019-02-21T00:00:00.000"}, {"count": "154", "item": "2019-10-08T00:00:00.000"}, {"count": "154", "item": "2019-09-25T00:00:00.000"}, {"count": "154", "item": "2019-04-12T00:00:00.000"}, {"count": "154", "item": "2019-05-08T00:00:00.000"}, {"count": "154", "item": "2019-10-04T00:00:00.000"}, {"count": "154", "item": "2019-10-10T00:00:00.000"}, {"count": "154", "item": "2019-10-16T00:00:00.000"}, {"count": "153", "item": "2019-04-26T00:00:00.000"}, {"count": "153", "item": "2019-02-14T00:00:00.000"}, {"count": "153", "item": "2019-10-09T00:00:00.000"}, {"count": "153", "item": "2019-10-15T00:00:00.000"}, {"count": "153", "item": "2019-10-03T00:00:00.000"}, {"count": "153", "item": "2019-09-30T00:00:00.000"}], "not_null": "206749", "cardinality": "1970", "largest": "2019-11-21T00:00:00.000", "null": "0", "non_null": "207716", "smallest": "2014-07-01T00:00:00.000"}, "position": 3, "fieldName": "violation_date", "id": 279481849}, {"tableColumnId": 21270997, "description": "Number of violations for each camera on a particular day.", "renderTypeName": "number", "dataTypeName": "number", "name": "VIOLATIONS", "format": {"noCommas": "false", "precisionStyle": "standard", "align": "right", "aggregate": "sum"}, "width": 159, "cachedContents": {"average": "28.30694747698621", "top": [{"count": "10900", "item": "1"}, {"count": "10187", "item": "2"}, {"count": "9113", "item": "3"}, {"count": "8658", "item": "4"}, {"count": "7973", "item": "5"}, {"count": "7522", "item": "6"}, {"count": "7111", "item": "7"}, {"count": "6729", "item": "8"}, {"count": "6206", "item": "9"}, {"count": "6075", "item": "10"}, {"count": "5564", "item": "11"}, {"count": "5225", "item": "12"}, {"count": "4893", "item": "13"}, {"count": "4631", "item": "14"}, {"count": "4275", "item": "15"}, {"count": "4047", "item": "16"}, {"count": "3882", "item": "17"}, {"count": "3671", "item": "18"}, {"count": "3532", "item": "19"}, {"count": "3229", "item": "20"}], "not_null": "206749", "sum": "5159847", "cardinality": "381", "largest": "479", "null": "0", "smallest": "1", "non_null": "207716"}, "position": 4, "fieldName": "violations", "id": 279481850}, {"tableColumnId": 21626758, "description": "The X Coordinate, measured in feet, of the location of the camera. Geocoded using Illinois State Plane East (ESRI:102671).", "renderTypeName": "number", "dataTypeName": "number", "name": "X COORDINATE", "format": {"noCommas": "true", "precisionStyle": "standard", "align": "right"}, "width": 174, "cachedContents": {"average": "1159656.688461853", "top": [{"count": "1963", "item": "1180984.656814868"}, {"count": "1963", "item": "1151844.874455435"}, {"count": "1963", "item": "1133995.169966259"}, {"count": "1962", "item": "1168444.530011629"}, {"count": "1961", "item": "1157135.919535262"}, {"count": "1960", "item": "1156276.17519456"}, {"count": "1959", "item": "1148759.385878875"}, {"count": "1959", "item": "1159169.452277881"}, {"count": "1958", "item": "1160431.748869934"}, {"count": "1958", "item": "1157040.212662274"}, {"count": "1958", "item": "1156991.618473341"}, {"count": "1955", "item": "1163048.143263149"}, {"count": "1954", "item": "1167789.528738809"}, {"count": "1953", "item": "1165293.159880782"}, {"count": "1953", "item": "1182452.725004514"}, {"count": "1952", "item": "1156183.4762995"}, {"count": "1952", "item": "1175468.445851752"}, {"count": "1951", "item": "1151781.484945551"}, {"count": "1949", "item": "1137564.894528388"}, {"count": "1948", "item": "1190192.110150425"}], "not_null": "198893", "sum": "203324926501.393633891", "cardinality": "159", "largest": "1203645.368140905", "null": "7892", "smallest": "1121638.497581711", "non_null": "199824"}, "position": 5, "fieldName": "x_coordinate", "id": 279481851}, {"tableColumnId": 21626759, "description": "The Y Coordinate, measured in feet, of the location of the camera. Geocoded using Illinois State Plane East (ESRI:102671).", "renderTypeName": "number", "dataTypeName": "number", "name": "Y COORDINATE", "format": {"noCommas": "true", "precisionStyle": "standard", "align": "right"}, "width": 180, "cachedContents": {"average": "1893457.232491370", "top": [{"count": "1963", "item": "1868164.766433233"}, {"count": "1963", "item": "1925971.269149065"}, {"count": "1963", "item": "1899804.753327747"}, {"count": "1962", "item": "1868118.434806125"}, {"count": "1961", "item": "1892361.67589724"}, {"count": "1960", "item": "1858582.894182457"}, {"count": "1959", "item": "1933817.599837362"}, {"count": "1959", "item": "1943341.864659956"}, {"count": "1958", "item": "1894612.12813304"}, {"count": "1958", "item": "1868077.674728872"}, {"count": "1958", "item": "1894531.138408719"}, {"count": "1955", "item": "1878842.85060012"}, {"count": "1954", "item": "1926747.106564999"}, {"count": "1953", "item": "1869711.793547827"}, {"count": "1953", "item": "1916479.221767233"}, {"count": "1952", "item": "1859144.993983757"}, {"count": "1952", "item": "1820629.228565181"}, {"count": "1951", "item": "1898394.967222984"}, {"count": "1949", "item": "1898340.606160034"}, {"count": "1948", "item": "1855579.523137741"}], "not_null": "198893", "sum": "331983643487.176959995", "cardinality": "159", "largest": "1943341.864659956", "null": "7892", "smallest": "1820629.228565181", "non_null": "199824"}, "position": 6, "fieldName": "y_coordinate", "id": 279481852}, {"tableColumnId": 21418665, "description": "The latitude of the physical location of the camera(s) based on the ADDRESS column. Geocoded using the WGS84.", "renderTypeName": "number", "dataTypeName": "number", "name": "LATITUDE", "format": {"noCommas": "false", "precisionStyle": "standard", "align": "right"}, "width": 139, "cachedContents": {"average": "41.86334801818322", "top": [{"count": "1963", "item": "41.793492646"}, {"count": "1963", "item": "41.953074826"}, {"count": "1963", "item": "41.880938186"}, {"count": "1962", "item": "41.793645091"}, {"count": "1961", "item": "41.860407864"}, {"count": "1960", "item": "41.767731869"}, {"count": "1959", "item": "41.974332655"}, {"count": "1959", "item": "42.000259511"}, {"count": "1958", "item": "41.793702249"}, {"count": "1958", "item": "41.866364024"}, {"count": "1958", "item": "41.866585283"}, {"count": "1955", "item": "41.823188825"}, {"count": "1954", "item": "41.954540866"}, {"count": "1953", "item": "41.926418831"}, {"count": "1953", "item": "41.797703886"}, {"count": "1952", "item": "41.663174059"}, {"count": "1952", "item": "41.769276221"}, {"count": "1951", "item": "41.877070828"}, {"count": "1949", "item": "41.877189405"}, {"count": "1948", "item": "41.75874077"}], "not_null": "198893", "sum": "7339984.534724101", "cardinality": "159", "largest": "42.000259511", "null": "7892", "smallest": "41.663174059", "non_null": "199824"}, "position": 7, "fieldName": "latitude", "id": 279481853}, {"tableColumnId": 21418664, "description": "The longitude of the physical location of the camera(s) based on the ADDRESS column. Geocoded using the WGS84.", "renderTypeName": "number", "dataTypeName": "number", "name": "LONGITUDE", "format": {"noCommas": "false", "precisionStyle": "standard", "align": "right"}, "width": 152, "cachedContents": {"average": "-87.68943167322758", "top": [{"count": "1963", "item": "-87.61187597"}, {"count": "1963", "item": "-87.782825538"}, {"count": "1963", "item": "-87.717898449"}, {"count": "1962", "item": "-87.657860764"}, {"count": "1961", "item": "-87.698672099"}, {"count": "1960", "item": "-87.702737907"}, {"count": "1959", "item": "-87.728347022"}, {"count": "1959", "item": "-87.689802909"}, {"count": "1958", "item": "-87.699142966"}, {"count": "1958", "item": "-87.687244272"}, {"count": "1958", "item": "-87.698962375"}, {"count": "1955", "item": "-87.677348795"}, {"count": "1954", "item": "-87.658572521"}, {"count": "1953", "item": "-87.668042465"}, {"count": "1953", "item": "-87.606444779"}, {"count": "1952", "item": "-87.633520452"}, {"count": "1952", "item": "-87.703062595"}, {"count": "1951", "item": "-87.718168316"}, {"count": "1949", "item": "-87.770369502"}, {"count": "1948", "item": "-87.57851859"}], "not_null": "198893", "sum": "-15374763.434130338", "cardinality": "159", "largest": "-87.529848261", "null": "7892", "smallest": "-87.828316944", "non_null": "199824"}, "position": 8, "fieldName": "longitude", "id": 279481854}, {"tableColumnId": 21418666, "description": "The coordinates of the camera(s) based on the LATITUDE and LONGITUDE columns.  Geocoded using the WGS84.", "renderTypeName": "location", "dataTypeName": "location", "name": "LOCATION", "format": {"align": "left", "view": "coords"}, "width": 281, "position": 9, "fieldName": "location", "id": 279481855}, {"tableColumnId": 27781758, "computationStrategy": {"parameters": {"primary_key": "_feature_id", "region": "_awaf-s7ux"}, "source_columns": ["location"], "type": "georegion_match_on_point"}, "renderTypeName": "number", "dataTypeName": "number", "name": "Historical Wards 2003-2015", "format": {}, "position": 14, "fieldName": ":@computed_region_awaf_s7ux", "id": 203645200}, {"tableColumnId": 27781759, "computationStrategy": {"parameters": {"primary_key": "_feature_id", "region": "_6mkv-f3dw"}, "source_columns": ["location"], "type": "georegion_match_on_point"}, "renderTypeName": "number", "dataTypeName": "number", "name": "Zip Codes", "format": {}, "position": 15, "fieldName": ":@computed_region_6mkv_f3dw", "id": 203645201}, {"tableColumnId": 27781760, "computationStrategy": {"parameters": {"primary_key": "_feature_id", "region": "_vrxf-vc4k"}, "source_columns": ["location"], "type": "georegion_match_on_point"}, "renderTypeName": "number", "dataTypeName": "number", "name": "Community Areas", "format": {}, "position": 16, "fieldName": ":@computed_region_vrxf_vc4k", "id": 203645202}, {"tableColumnId": 27781761, "computationStrategy": {"parameters": {"primary_key": "_feature_id", "region": "_bdys-3d7i"}, "source_columns": ["location"], "type": "georegion_match_on_point"}, "renderTypeName": "number", "dataTypeName": "number", "name": "Census Tracts", "format": {}, "position": 17, "fieldName": ":@computed_region_bdys_3d7i", "id": 203645203}, {"tableColumnId": 28229236, "computationStrategy": {"parameters": {"primary_key": "_feature_id", "region": "_43wa-7qmu"}, "source_columns": ["location"], "type": "georegion_match_on_point"}, "description": "", "renderTypeName": "number", "dataTypeName": "number", "name": "Wards", "format": {}, "position": 18, "fieldName": ":@computed_region_43wa_7qmu", "id": 203645204}], "totalTimesRated": 0, "owner": {"userSegment": "site_member", "flags": ["mayBeStoriesCoOwner"], "profileImageUrlLarge": "/api/users/scy9-9wg4/profile_images/LARGE", "screenName": "cocadmin", "displayName": "cocadmin", "profileImageUrlSmall": "/api/users/scy9-9wg4/profile_images/TINY", "type": "interactive", "profileImageUrlMedium": "/api/users/scy9-9wg4/profile_images/THUMB", "id": "scy9-9wg4"}, "rowsUpdatedBy": "n9j5-zhen", "viewCount": 24154, "publicationStage": "published", "hideFromDataJson": false, "rights": ["read"], "flags": ["default", "restorable", "restorePossibleForType"], "query": {"orderBys": [{"ascending": false, "expression": {"columnId": 279481849, "type": "column"}}, {"ascending": true, "expression": {"columnId": 279481847, "type": "column"}}]}, "id": "hhkd-xvj4", "downloadCount": 5852, "hideFromCatalog": false, "category": "Transportation", "metadata": {"availableDisplayTypes": ["table", "fatrow", "page"], "custom_fields": {"Metadata": {"Frequency": "Updated daily", "Time Period": "Starting July 1, 2014", "Data Owner": "Transportation"}}, "rowLabel": "Speed Camera Violation", "jsonQuery": {"order": [{"ascending": false, "columnFieldName": "violation_date"}, {"ascending": true, "columnFieldName": "address"}]}, "rdfSubject": "0", "renderTypeConfig": {"visible": {"table": true}}}, "tags": ["traffic", "public safety", "transportation"], "name": "Speed Camera Violations", "publicationAppendEnabled": false, "attribution": "City of Chicago", "numberOfComments": 0, "publicationGroup": 1676261}