{"approvals": [{"state": "approved", "submissionObject": "public_audience_request", "submissionId": 947365, "submissionDetails": {"permissionType": "READ"}, "submitter": {"displayName": "cocadmin", "id": "scy9-9wg4"}, "submittedAt": 1480461385, "reviewedAutomatically": true, "submissionOutcome": "change_audience", "workflowId": 2226, "reviewedAt": 1480461385, "submissionOutcomeApplication": {"failureCount": 0, "status": "success"}}], "description": "This dataset reflects the daily volume of violations created by the City of Chicago Red Light Program for each camera. The data reflects violations that occurred from July 1, 2014 until present, minus the most recent 14 days. This data may change due to occasional time lags between the capturing of a potential violation and the processing and determination of a violation. The most recent 14 days are not shown due to revised data being submitted to the City of Chicago during this period. The reported violations are those that have been collected by the camera system and reviewed by two separate City contractors. In some instances, due to the inability the registered owner of the offending vehicle, the violation may not be issued as a citation. However, this dataset contains all violations regardless of whether a citation was actually issued, which provides an accurate view into the Red Light Program.  Because of occasional time lags between the capturing of a potential violation and the processing and determination of a violation, as well as the occasional revision of the determination of a violation, this data may change. More information on the Red Light Program can be found here: http://www.cityofchicago.org/city/en/depts/cdot/supp_info/red-light_cameraenforcement.html.  The corresponding dataset for speed camera violations is https://data.cityofchicago.org/id/hhkd-xvj4.", "grants": [{"flags": ["public"], "inherited": false, "type": "viewer"}], "attributionLink": "http://www.cityofchicago.org", "publicationDate": 1480461385, "newBackend": true, "oid": 24980316, "rowsUpdatedAt": 1575545842, "averageRating": 0, "tableId": 13926701, "displayType": "table", "provenance": "official", "createdAt": 1407456580, "indexUpdatedAt": 1555497638, "tableAuthor": {"userSegment": "site_member", "flags": ["mayBeStoriesCoOwner"], "profileImageUrlLarge": "/api/users/scy9-9wg4/profile_images/LARGE", "screenName": "cocadmin", "displayName": "cocadmin", "profileImageUrlSmall": "/api/users/scy9-9wg4/profile_images/TINY", "type": "interactive", "profileImageUrlMedium": "/api/users/scy9-9wg4/profile_images/THUMB", "id": "scy9-9wg4"}, "viewLastModified": 1547143509, "viewType": "tabular", "columns": [{"tableColumnId": 21270778, "description": "Intersection of the location of the red light enforcement camera(s). There may be more than one camera at each intersection.", "renderTypeName": "text", "dataTypeName": "text", "name": "INTERSECTION", "format": {"align": "left", "aggregate": "count"}, "width": 304, "cachedContents": {"top": [{"count": "5637", "item": "CALIFORNIA AND DIVERSEY"}, {"count": "5112", "item": "KOSTNER AND NORTH"}, {"count": "4802", "item": "BELMONT AND KEDZIE"}, {"count": "4118", "item": "STONEY ISLAND AND 79TH"}, {"count": "3909", "item": "ROOSEVELT AND HALSTED"}, {"count": "3908", "item": "VAN BUREN AND WESTERN"}, {"count": "3900", "item": "LAKE SHORE DR AND BELMONT"}, {"count": "3878", "item": "HOLLYWOOD AND SHERIDAN"}, {"count": "3874", "item": "STATE AND 79TH"}, {"count": "3868", "item": "LAFAYETTE AND 87TH"}, {"count": "3857", "item": "WENTWORTH AND GARFIELD"}, {"count": "3838", "item": "99TH AND HALSTED"}, {"count": "3837", "item": "75TH AND STATE"}, {"count": "3835", "item": "ARCHER AND CICERO"}, {"count": "3832", "item": "OGDEN AND KOSTNER"}, {"count": "3826", "item": "DIVISION AND DAMEN"}, {"count": "3826", "item": "STONY ISLAND/CORNELL AND 67TH"}, {"count": "3824", "item": "ASHLAND AND FULLERTON"}, {"count": "3823", "item": "CORTLAND AND ASHLAND"}, {"count": "3821", "item": "STONEY ISLAND AND 76TH"}], "not_null": "519500", "cardinality": "183", "largest": "WESTERN AND TOUHY", "null": "0", "non_null": "521533", "smallest": "111TH AND HALSTED"}, "position": 1, "fieldName": "intersection", "id": 279481507}, {"tableColumnId": 21489082, "description": "A unique ID for each physical camera at an intersection, which may contain more than one camera.", "renderTypeName": "text", "dataTypeName": "text", "name": "CAMERA ID", "format": {"align": "left"}, "width": 181, "cachedContents": {"top": [{"count": "1967", "item": "1721"}, {"count": "1961", "item": "2054"}, {"count": "1956", "item": "2233"}, {"count": "1955", "item": "1812"}, {"count": "1954", "item": "1413"}, {"count": "1949", "item": "2624"}, {"count": "1943", "item": "2234"}, {"count": "1943", "item": "1412"}, {"count": "1942", "item": "2261"}, {"count": "1938", "item": "2223"}, {"count": "1937", "item": "1963"}, {"count": "1937", "item": "1343"}, {"count": "1936", "item": "2502"}, {"count": "1935", "item": "2654"}, {"count": "1935", "item": "2342"}, {"count": "1935", "item": "1344"}, {"count": "1933", "item": "2433"}, {"count": "1933", "item": "2651"}, {"count": "1931", "item": "1514"}, {"count": "1931", "item": "2052"}], "not_null": "519211", "cardinality": "365", "largest": "8313", "null": "289", "non_null": "521244", "smallest": "1002"}, "position": 2, "fieldName": "camera_id", "id": 279481508}, {"tableColumnId": 21561560, "description": "The address of the physical camera (CAMERA ID). The address may be the same for all cameras or different, based on the physical installation of each camera.", "renderTypeName": "text", "dataTypeName": "text", "name": "ADDRESS", "format": {"align": "left"}, "width": 278, "cachedContents": {"top": [{"count": "3909", "item": "800 W ROOSEVELT ROAD"}, {"count": "3878", "item": "1000 W HOLLYWOOD AVE"}, {"count": "3826", "item": "2000 W DIVISION"}, {"count": "3824", "item": "2400 N ASHLAND AVENUE"}, {"count": "3821", "item": "7600 S STONY ISLAND A"}, {"count": "3757", "item": "3600 N CICERO AVENUE"}, {"count": "3742", "item": "100 N CICERO AVENUE"}, {"count": "3721", "item": "100 W CHICAGO AVENUE"}, {"count": "3719", "item": "2800 W DIVERSEY"}, {"count": "3710", "item": "4700 W IRVING PARK ROA"}, {"count": "3708", "item": "5200 W MADISON STREET"}, {"count": "3690", "item": "500 N COLUMBUS DRIVE"}, {"count": "3604", "item": "2800 W IRVING PARK ROA"}, {"count": "3595", "item": "6400 W FULLERTON AVENU"}, {"count": "3574", "item": "6300 S DAMEN AVENUE"}, {"count": "3571", "item": "300 N HAMLIN AVENUE"}, {"count": "3567", "item": "4700 S WESTERN AVENUE"}, {"count": "3532", "item": "3500 S WESTERN"}, {"count": "3530", "item": "4800 W NORTH AVENUE"}, {"count": "3388", "item": "6400 W IRVING PK"}], "not_null": "519500", "cardinality": "316", "largest": "9900 S HALSTED ST", "null": "0", "non_null": "521533", "smallest": "0 N ASHLAND AVE"}, "position": 3, "fieldName": "address", "id": 279481509}, {"tableColumnId": 21270779, "description": "The date of when the violations occurred. NOTE: The citation may be issued on a different date.", "renderTypeName": "calendar_date", "dataTypeName": "calendar_date", "name": "VIOLATION DATE", "format": {"align": "left", "view": "date"}, "width": 183, "cachedContents": {"top": [{"count": "315", "item": "2014-09-26T00:00:00.000"}, {"count": "314", "item": "2015-02-27T00:00:00.000"}, {"count": "313", "item": "2014-09-13T00:00:00.000"}, {"count": "308", "item": "2014-09-27T00:00:00.000"}, {"count": "308", "item": "2014-08-16T00:00:00.000"}, {"count": "308", "item": "2014-10-25T00:00:00.000"}, {"count": "308", "item": "2014-09-17T00:00:00.000"}, {"count": "306", "item": "2014-08-08T00:00:00.000"}, {"count": "303", "item": "2015-02-13T00:00:00.000"}, {"count": "303", "item": "2014-08-14T00:00:00.000"}, {"count": "302", "item": "2015-02-21T00:00:00.000"}, {"count": "302", "item": "2014-09-21T00:00:00.000"}, {"count": "301", "item": "2014-07-11T00:00:00.000"}, {"count": "301", "item": "2014-07-16T00:00:00.000"}, {"count": "300", "item": "2014-08-15T00:00:00.000"}, {"count": "300", "item": "2014-07-03T00:00:00.000"}, {"count": "299", "item": "2014-09-24T00:00:00.000"}, {"count": "299", "item": "2015-01-30T00:00:00.000"}, {"count": "299", "item": "2014-07-31T00:00:00.000"}, {"count": "298", "item": "2014-08-18T00:00:00.000"}], "not_null": "519500", "cardinality": "1970", "largest": "2019-11-21T00:00:00.000", "null": "0", "non_null": "521533", "smallest": "2014-07-01T00:00:00.000"}, "position": 4, "fieldName": "violation_date", "id": 279481510}, {"tableColumnId": 21270780, "description": "Number of violations for each camera on a particular day.", "renderTypeName": "number", "dataTypeName": "number", "name": "VIOLATIONS", "format": {"noCommas": "false", "precisionStyle": "standard", "align": "right", "aggregate": "sum"}, "width": 156, "cachedContents": {"average": "5.625694542684586", "top": [{"count": "92474", "item": "1"}, {"count": "87163", "item": "2"}, {"count": "72917", "item": "3"}, {"count": "57146", "item": "4"}, {"count": "44388", "item": "5"}, {"count": "34044", "item": "6"}, {"count": "25787", "item": "7"}, {"count": "19668", "item": "8"}, {"count": "15019", "item": "9"}, {"count": "11601", "item": "10"}, {"count": "9162", "item": "11"}, {"count": "7149", "item": "12"}, {"count": "5709", "item": "13"}, {"count": "4807", "item": "14"}, {"count": "3964", "item": "15"}, {"count": "3280", "item": "16"}, {"count": "2841", "item": "17"}, {"count": "2333", "item": "18"}, {"count": "2223", "item": "19"}, {"count": "1836", "item": "20"}], "not_null": "519500", "sum": "2584866", "cardinality": "156", "largest": "186", "null": "0", "smallest": "1", "non_null": "521533"}, "position": 5, "fieldName": "violations", "id": 279481511}, {"tableColumnId": 21626961, "description": "The X Coordinate, measured in feet, of the location of the camera. Geocoded using Illinois State Plane East (ESRI:102671).", "renderTypeName": "number", "dataTypeName": "number", "name": "X COORDINATE", "format": {"noCommas": "true", "precisionStyle": "standard", "align": "right"}, "width": 192, "cachedContents": {"average": "1157408.092314461", "top": [{"count": "3909", "item": "1171199.282357741"}, {"count": "3878", "item": "1168580.228926466"}, {"count": "3826", "item": "1162815.710860194"}, {"count": "3824", "item": "1165228.073342838"}, {"count": "3821", "item": "1188092.796191935"}, {"count": "3757", "item": "1143698.904601495"}, {"count": "3742", "item": "1144328.984091479"}, {"count": "3732", "item": "1143464.651785526"}, {"count": "3721", "item": "1175374.528739575"}, {"count": "3719", "item": "1157212.54253358"}, {"count": "3708", "item": "1141706.965522802"}, {"count": "3690", "item": "1178372.808407292"}, {"count": "3595", "item": "1133317.594499059"}, {"count": "3574", "item": "1164069.407943298"}, {"count": "3571", "item": "1150970.026856642"}, {"count": "3567", "item": "1161120.438879703"}, {"count": "3532", "item": "1160894.949857101"}, {"count": "3530", "item": "1144053.733747163"}, {"count": "3388", "item": "1132945.939118726"}, {"count": "3380", "item": "1164554.784723473"}], "not_null": "492300", "sum": "503979464901.224381187", "cardinality": "297", "largest": "1191188.381103057", "null": "27311", "smallest": "1125717.010560011", "non_null": "494222"}, "position": 6, "fieldName": "x_coordinate", "id": 279481512}, {"tableColumnId": 21626977, "description": "The Y Coordinate, measured in feet, of the location of the camera. Geocoded using Illinois State Plane East (ESRI:102671).", "renderTypeName": "number", "dataTypeName": "number", "name": "Y COORDINATE", "format": {"noCommas": "true", "precisionStyle": "standard", "align": "right"}, "width": 194, "cachedContents": {"average": "1898939.557548830", "top": [{"count": "3909", "item": "1894968.056393724"}, {"count": "3878", "item": "1938090.295189338"}, {"count": "3826", "item": "1908034.672555531"}, {"count": "3824", "item": "1916032.319169157"}, {"count": "3821", "item": "1854889.354158304"}, {"count": "3757", "item": "1923517.005821035"}, {"count": "3742", "item": "1900095.170838459"}, {"count": "3732", "item": "1931490.551883203"}, {"count": "3721", "item": "1905745.47783364"}, {"count": "3719", "item": "1918526.674434943"}, {"count": "3708", "item": "1899567.55684314"}, {"count": "3690", "item": "1903693.06016042"}, {"count": "3595", "item": "1915293.661305931"}, {"count": "3574", "item": "1862830.277442834"}, {"count": "3571", "item": "1901381.688308858"}, {"count": "3567", "item": "1873431.066474726"}, {"count": "3532", "item": "1881376.851112895"}, {"count": "3530", "item": "1910243.80567041"}, {"count": "3388", "item": "1925946.304925137"}, {"count": "3380", "item": "1939388.511516442"}], "not_null": "492300", "sum": "826870443059.947517344", "cardinality": "297", "largest": "1947754.286963361", "null": "27311", "smallest": "1825911.054609338", "non_null": "494222"}, "position": 7, "fieldName": "y_coordinate", "id": 279481513}, {"tableColumnId": 21488980, "description": "The latitude of the physical location of the camera(s) based on the ADDRESS column. Geocoded using the WGS84.", "renderTypeName": "number", "dataTypeName": "number", "name": "LATITUDE", "format": {"noCommas": "false", "precisionStyle": "standard", "align": "right"}, "width": 100, "cachedContents": {"average": "41.87844087489185", "top": [{"count": "3909", "item": "41.867263098"}, {"count": "3878", "item": "41.985649799"}, {"count": "3826", "item": "41.903298793"}, {"count": "3824", "item": "41.92519389"}, {"count": "3821", "item": "41.756897173"}, {"count": "3757", "item": "41.946163524"}, {"count": "3742", "item": "41.88187971"}, {"count": "3732", "item": "41.968048007"}, {"count": "3721", "item": "41.896744347"}, {"count": "3719", "item": "41.932205395"}, {"count": "3708", "item": "41.880480752"}, {"count": "3690", "item": "41.891044569"}, {"count": "3595", "item": "41.923786189"}, {"count": "3574", "item": "41.779226921"}, {"count": "3571", "item": "41.885282636"}, {"count": "3567", "item": "41.808378408"}, {"count": "3532", "item": "41.830187255"}, {"count": "3530", "item": "41.90973389"}, {"count": "3388", "item": "41.953024751"}, {"count": "3380", "item": "41.98929863"}], "not_null": "492300", "sum": "18235464.537681158", "cardinality": "297", "largest": "42.012371335", "null": "27311", "smallest": "41.677720829", "non_null": "494222"}, "position": 8, "fieldName": "latitude", "id": 279481514}, {"tableColumnId": 21488995, "description": "The longitude of the physical location of the camera(s) based on the ADDRESS column. Geocoded using the WGS84.", "renderTypeName": "number", "dataTypeName": "number", "name": "LONGITUDE", "format": {"noCommas": "false", "precisionStyle": "standard", "align": "right"}, "width": 100, "cachedContents": {"average": "-87.69752608528553", "top": [{"count": "3909", "item": "-87.646972686"}, {"count": "3878", "item": "-87.655335807"}, {"count": "3826", "item": "-87.677383247"}, {"count": "3824", "item": "-87.668294363"}, {"count": "3821", "item": "-87.586234285"}, {"count": "3757", "item": "-87.747215169"}, {"count": "3742", "item": "-87.745489247"}, {"count": "3732", "item": "-87.747875985"}, {"count": "3721", "item": "-87.631321248"}, {"count": "3719", "item": "-87.697679244"}, {"count": "3708", "item": "-87.755130433"}, {"count": "3690", "item": "-87.620371839"}, {"count": "3595", "item": "-87.785567206"}, {"count": "3574", "item": "-87.674052731"}, {"count": "3571", "item": "-87.721069539"}, {"count": "3567", "item": "-87.684570717"}, {"count": "3532", "item": "-87.685177925"}, {"count": "3530", "item": "-87.746244973"}, {"count": "3388", "item": "-87.786683238"}, {"count": "3380", "item": "-87.670104121"}], "not_null": "492300", "sum": "-38186835.363524559", "cardinality": "297", "largest": "-87.575292523", "null": "27311", "smallest": "-87.812781431", "non_null": "494222"}, "position": 9, "fieldName": "longitude", "id": 279481515}, {"tableColumnId": 21489010, "description": "The coordinates of the camera(s) based on the LATITUDE and LONGITUDE columns. Geocoded using the WGS84.", "renderTypeName": "location", "dataTypeName": "location", "name": "LOCATION", "format": {"align": "left", "view": "coords"}, "width": 296, "position": 10, "fieldName": "location", "id": 279481516}, {"tableColumnId": 27782031, "computationStrategy": {"parameters": {"primary_key": "_feature_id", "region": "_awaf-s7ux"}, "source_columns": ["location"], "type": "georegion_match_on_point"}, "renderTypeName": "number", "dataTypeName": "number", "name": "Historical Wards 2003-2015", "format": {}, "position": 15, "fieldName": ":@computed_region_awaf_s7ux", "id": 203619185}, {"tableColumnId": 27782032, "computationStrategy": {"parameters": {"primary_key": "_feature_id", "region": "_6mkv-f3dw"}, "source_columns": ["location"], "type": "georegion_match_on_point"}, "renderTypeName": "number", "dataTypeName": "number", "name": "Zip Codes", "format": {}, "position": 16, "fieldName": ":@computed_region_6mkv_f3dw", "id": 203619186}, {"tableColumnId": 27782033, "computationStrategy": {"parameters": {"primary_key": "_feature_id", "region": "_vrxf-vc4k"}, "source_columns": ["location"], "type": "georegion_match_on_point"}, "renderTypeName": "number", "dataTypeName": "number", "name": "Community Areas", "format": {}, "position": 17, "fieldName": ":@computed_region_vrxf_vc4k", "id": 203619187}, {"tableColumnId": 27782034, "computationStrategy": {"parameters": {"primary_key": "_feature_id", "region": "_bdys-3d7i"}, "source_columns": ["location"], "type": "georegion_match_on_point"}, "renderTypeName": "number", "dataTypeName": "number", "name": "Census Tracts", "format": {}, "position": 18, "fieldName": ":@computed_region_bdys_3d7i", "id": 203619188}, {"tableColumnId": 28253360, "computationStrategy": {"parameters": {"primary_key": "_feature_id", "region": "_43wa-7qmu"}, "source_columns": ["location"], "type": "georegion_match_on_point"}, "description": "", "renderTypeName": "number", "dataTypeName": "number", "name": "Wards", "format": {}, "position": 19, "fieldName": ":@computed_region_43wa_7qmu", "id": 203619189}], "totalTimesRated": 0, "owner": {"userSegment": "site_member", "flags": ["mayBeStoriesCoOwner"], "profileImageUrlLarge": "/api/users/scy9-9wg4/profile_images/LARGE", "screenName": "cocadmin", "displayName": "cocadmin", "profileImageUrlSmall": "/api/users/scy9-9wg4/profile_images/TINY", "type": "interactive", "profileImageUrlMedium": "/api/users/scy9-9wg4/profile_images/THUMB", "id": "scy9-9wg4"}, "rowsUpdatedBy": "n9j5-zhen", "viewCount": 42325, "publicationStage": "published", "hideFromDataJson": false, "rights": ["read"], "flags": ["default", "restorable", "restorePossibleForType"], "query": {"orderBys": [{"ascending": false, "expression": {"columnId": 279481510, "type": "column"}}, {"ascending": true, "expression": {"columnId": 279481507, "type": "column"}}]}, "id": "spqx-js37", "downloadCount": 5504, "hideFromCatalog": false, "category": "Transportation", "metadata": {"availableDisplayTypes": ["table", "fatrow", "page"], "custom_fields": {"Metadata": {"Frequency": "Updated daily", "Time Period": "Beginning July 1, 2014", "Data Owner": "Transportation"}}, "rowLabel": "Red Light Camera Violation", "jsonQuery": {"order": [{"ascending": false, "columnFieldName": "violation_date"}, {"ascending": true, "columnFieldName": "intersection_name"}]}, "rdfSubject": "0", "renderTypeConfig": {"visible": {"table": true}}}, "tags": ["citations", "violations", "transportation", "public safety", "traffic"], "name": "Red Light Camera Violations", "publicationAppendEnabled": false, "attribution": "City of Chicago", "numberOfComments": 0, "publicationGroup": 1676247}