{"approvals": [{"state": "approved", "submissionObject": "public_audience_request", "submissionId": 947356, "submissionDetails": {"permissionType": "READ"}, "submitter": {"displayName": "cocadmin", "id": "scy9-9wg4"}, "submittedAt": 1480461147, "reviewedAutomatically": true, "submissionOutcome": "change_audience", "workflowId": 2226, "reviewedAt": 1480461147, "submissionOutcomeApplication": {"failureCount": 0, "status": "success"}}], "description": "This dataset shows the location, first operational date, and approaches of the speed cameras in the City of Chicago. The approach describes the originating direction of travel which is monitored by a speed camera.", "grants": [{"flags": ["public"], "inherited": false, "type": "viewer"}], "attributionLink": "http://www.cityofchicago.org", "publicationDate": 1480461147, "newBackend": true, "oid": 24980296, "rowsUpdatedAt": 1575544337, "averageRating": 0, "tableId": 13926694, "displayType": "table", "provenance": "official", "createdAt": 1407771301, "indexUpdatedAt": 1541153541, "tableAuthor": {"userSegment": "site_member", "flags": ["mayBeStoriesCoOwner"], "profileImageUrlLarge": "/api/users/scy9-9wg4/profile_images/LARGE", "screenName": "cocadmin", "displayName": "cocadmin", "profileImageUrlSmall": "/api/users/scy9-9wg4/profile_images/TINY", "type": "interactive", "profileImageUrlMedium": "/api/users/scy9-9wg4/profile_images/THUMB", "id": "scy9-9wg4"}, "viewLastModified": 1531341918, "viewType": "tabular", "columns": [{"tableColumnId": 21341040, "renderTypeName": "text", "dataTypeName": "text", "name": "ADDRESS", "format": {"align": "left", "aggregate": "count"}, "width": 244, "cachedContents": {"top": [{"count": "1", "item": "10318 S Indianapolis (Speed Camera)"}, {"count": "1", "item": "1110 S Pulaski Rd (Speed Camera)"}, {"count": "1", "item": "1111 N Humboldt Blvd (Speed Camera)"}, {"count": "1", "item": "11144 S Vincennes (Speed Camera)"}, {"count": "1", "item": "11153 S Vincennes (Speed Camera)"}, {"count": "1", "item": "1117 S Pulaski Rd (Speed Camera)"}, {"count": "1", "item": "1142 W Irving Park (Speed Camera)"}, {"count": "1", "item": "115 N Ogden (Speed Camera)"}, {"count": "1", "item": "11 E Chicago Ave (Speed Camera)"}, {"count": "1", "item": "1226 Western (Speed Camera)"}, {"count": "1", "item": "1229 Western (Speed Camera)"}, {"count": "1", "item": "1315 W Garfield Blvd (Speed Camera)"}, {"count": "1", "item": "1334 W Garfield Blvd (Speed Camera)"}, {"count": "1", "item": "140 N Ashland (Speed Camera)"}, {"count": "1", "item": "141 N Ashland (Speed Camera)"}, {"count": "1", "item": "1440 W Cermak Rd (Speed Camera)"}, {"count": "1", "item": "1444 W Division St(Speed Camera)"}, {"count": "1", "item": "1455 W Division St(Speed Camera)"}, {"count": "1", "item": "14 W Chicago Ave (Speed Camera)"}, {"count": "1", "item": "1507 W 83rd St (Speed Camera)"}], "not_null": "161", "cardinality": "161", "largest": "9618 S Ewing Ave (Speed Camera)", "null": "0", "non_null": "161", "smallest": "10318 S Indianapolis (Speed Camera)"}, "position": 1, "fieldName": "address", "id": 279481316}, {"tableColumnId": 21341041, "renderTypeName": "text", "dataTypeName": "text", "name": "FIRST APPROACH", "format": {}, "width": 268, "cachedContents": {"top": [{"count": "60", "item": "EB"}, {"count": "43", "item": "NB"}, {"count": "27", "item": "WB"}, {"count": "26", "item": "SB"}, {"count": "1", "item": "NWB"}, {"count": "1", "item": "NEB"}, {"count": "1", "item": "SEB"}], "not_null": "159", "cardinality": "7", "largest": "WB", "null": "2", "non_null": "159", "smallest": "EB"}, "position": 2, "fieldName": "first_approach", "id": 279481317}, {"tableColumnId": 21341042, "renderTypeName": "text", "dataTypeName": "text", "name": "SECOND APPROACH", "format": {}, "width": 280, "cachedContents": {"top": [{"count": "35", "item": "WB"}, {"count": "22", "item": "SB"}, {"count": "6", "item": "NB"}, {"count": "3", "item": "EB"}, {"count": "1", "item": "SWB"}], "not_null": "67", "cardinality": "5", "largest": "WB", "null": "94", "non_null": "67", "smallest": "EB"}, "position": 3, "fieldName": "second_approach", "id": 279481318}, {"tableColumnId": 21341043, "renderTypeName": "text", "dataTypeName": "text", "name": "GO-LIVE DATE", "format": {"align": "left"}, "width": 244, "cachedContents": {"top": [{"count": "6", "item": "01/31/2014"}, {"count": "6", "item": "02/07/2014"}, {"count": "6", "item": "03/10/2014"}, {"count": "5", "item": "02/24/2014"}, {"count": "5", "item": "03/17/2014"}, {"count": "5", "item": "03/24/2014"}, {"count": "4", "item": "11/23/2013"}, {"count": "4", "item": "02/14/2014"}, {"count": "4", "item": "07/16/2018"}, {"count": "4", "item": "11/09/2015"}, {"count": "4", "item": "10/05/2013"}, {"count": "4", "item": "03/03/2014"}, {"count": "4", "item": "01/25/2014"}, {"count": "4", "item": "10/11/2014"}, {"count": "3", "item": "01/07/2015"}, {"count": "3", "item": "11/15/2013"}, {"count": "3", "item": "12/12/2013"}, {"count": "3", "item": "12/18/2013"}, {"count": "3", "item": "01/08/2014"}, {"count": "3", "item": "01/04/2014"}], "not_null": "161", "cardinality": "62", "largest": "12/24/2013", "null": "0", "non_null": "161", "smallest": "01/03/2014"}, "position": 4, "fieldName": "go_live_date", "id": 279481319}, {"tableColumnId": 21341044, "renderTypeName": "text", "dataTypeName": "text", "name": "LATITUDE", "format": {}, "width": 196, "cachedContents": {"top": [{"count": "1", "item": "41.66317117223548"}, {"count": "1", "item": "41.690701951255015"}, {"count": "1", "item": "41.69102545584918"}, {"count": "1", "item": "41.69120239624487"}, {"count": "1", "item": "41.70626766073214"}, {"count": "1", "item": "41.70648720051648"}, {"count": "1", "item": "41.70757690291348"}, {"count": "1", "item": "41.72075680558273"}, {"count": "1", "item": "41.72165713317433"}, {"count": "1", "item": "41.72187849819265"}, {"count": "1", "item": "41.722818322421595"}, {"count": "1", "item": "41.72304461975978"}, {"count": "1", "item": "41.7369870911534"}, {"count": "1", "item": "41.741741651401504"}, {"count": "1", "item": "41.74247385456547"}, {"count": "1", "item": "41.742993034938884"}, {"count": "1", "item": "41.74937090787529"}, {"count": "1", "item": "41.749715176851936"}, {"count": "1", "item": "41.74985294026319"}, {"count": "1", "item": "41.75021259302275"}], "not_null": "161", "cardinality": "161", "largest": "42.00025951144952", "null": "0", "non_null": "161", "smallest": "41.66317117223548"}, "position": 5, "fieldName": "latitude", "id": 279481320}, {"tableColumnId": 21341045, "renderTypeName": "text", "dataTypeName": "text", "name": "LONGITUDE", "format": {}, "width": 208, "cachedContents": {"top": [{"count": "1", "item": "-87.52984826112849"}, {"count": "1", "item": "-87.53543678735923"}, {"count": "1", "item": "-87.5370407583455"}, {"count": "1", "item": "-87.53756746533104"}, {"count": "1", "item": "-87.57290117806258"}, {"count": "1", "item": "-87.57630061252594"}, {"count": "1", "item": "-87.57851859043261"}, {"count": "1", "item": "-87.603742"}, {"count": "1", "item": "-87.604804"}, {"count": "1", "item": "-87.605866"}, {"count": "1", "item": "-87.60644477865196"}, {"count": "1", "item": "-87.6118759701359"}, {"count": "1", "item": "-87.616054"}, {"count": "1", "item": "-87.61934752145963"}, {"count": "1", "item": "-87.6197547203603"}, {"count": "1", "item": "-87.62017903427099"}, {"count": "1", "item": "-87.62041639513696"}, {"count": "1", "item": "-87.62135432849777"}, {"count": "1", "item": "-87.62146289865515"}, {"count": "1", "item": "-87.62744787497319"}], "not_null": "161", "cardinality": "161", "largest": "-87.827727", "null": "0", "non_null": "161", "smallest": "-87.52984826112849"}, "position": 6, "fieldName": "longitude", "id": 279481321}, {"tableColumnId": 21341046, "renderTypeName": "location", "dataTypeName": "location", "name": "LOCATION", "format": {"align": "left", "view": "coords"}, "width": 196, "position": 7, "fieldName": "location", "id": 279481322}, {"tableColumnId": 28009858, "computationStrategy": {"parameters": {"primary_key": "_feature_id", "region": "_awaf-s7ux"}, "source_columns": ["location"], "type": "georegion_match_on_point"}, "renderTypeName": "number", "dataTypeName": "number", "name": "Historical Wards 2003-2015", "format": {}, "position": 12, "fieldName": ":@computed_region_awaf_s7ux", "id": 203637935}, {"tableColumnId": 28009859, "computationStrategy": {"parameters": {"primary_key": "_feature_id", "region": "_6mkv-f3dw"}, "source_columns": ["location"], "type": "georegion_match_on_point"}, "renderTypeName": "number", "dataTypeName": "number", "name": "Zip Codes", "format": {}, "position": 13, "fieldName": ":@computed_region_6mkv_f3dw", "id": 203637936}, {"tableColumnId": 28009860, "computationStrategy": {"parameters": {"primary_key": "_feature_id", "region": "_vrxf-vc4k"}, "source_columns": ["location"], "type": "georegion_match_on_point"}, "renderTypeName": "number", "dataTypeName": "number", "name": "Community Areas", "format": {}, "position": 14, "fieldName": ":@computed_region_vrxf_vc4k", "id": 203637937}, {"tableColumnId": 28009861, "computationStrategy": {"parameters": {"primary_key": "_feature_id", "region": "_bdys-3d7i"}, "source_columns": ["location"], "type": "georegion_match_on_point"}, "renderTypeName": "number", "dataTypeName": "number", "name": "Census Tracts", "format": {}, "position": 15, "fieldName": ":@computed_region_bdys_3d7i", "id": 203637938}, {"tableColumnId": 28009863, "computationStrategy": {"parameters": {"primary_key": "_feature_id", "region": "_43wa-7qmu"}, "source_columns": ["location"], "type": "georegion_match_on_point"}, "renderTypeName": "number", "dataTypeName": "number", "name": "Wards", "format": {}, "position": 16, "fieldName": ":@computed_region_43wa_7qmu", "id": 203637939}], "totalTimesRated": 0, "owner": {"userSegment": "site_member", "flags": ["mayBeStoriesCoOwner"], "profileImageUrlLarge": "/api/users/scy9-9wg4/profile_images/LARGE", "screenName": "cocadmin", "displayName": "cocadmin", "profileImageUrlSmall": "/api/users/scy9-9wg4/profile_images/TINY", "type": "interactive", "profileImageUrlMedium": "/api/users/scy9-9wg4/profile_images/THUMB", "id": "scy9-9wg4"}, "rowsUpdatedBy": "n9j5-zhen", "viewCount": 19658, "publicationStage": "published", "hideFromDataJson": false, "rights": ["read"], "flags": ["default", "restorable", "restorePossibleForType"], "query": {}, "id": "4i42-qv3h", "downloadCount": 6254, "hideFromCatalog": false, "category": "Transportation", "metadata": {"rdfSubject": "0", "renderTypeConfig": {"visible": {"table": true}}, "availableDisplayTypes": ["table", "fatrow", "page"], "custom_fields": {"Metadata": {"Frequency": "Updated daily", "Time Period": "Current", "Data Owner": "Transportation"}}}, "tags": ["speed cameras", "transportation", "traffic"], "name": "Speed Camera Locations", "publicationAppendEnabled": false, "attribution": "City of Chicago", "numberOfComments": 0, "publicationGroup": 1680046}